name,abilities,attack,capture_rate,classfication,defense,height_m,hp,percentage_male,pokedex_number,type1,type2,weight_kg,generation
Bulbasaur,"['Overgrow', 'Chlorophyll']",49,45,Seed PokÃ©mon,49,0.7,45,88.1,1,grass,poison,6.9,1
Ivysaur,"['Overgrow', 'Chlorophyll']",62,45,Seed PokÃ©mon,63,1,60,88.1,2,grass,poison,13,1
Venusaur,"['Overgrow', 'Chlorophyll']",100,45,Seed PokÃ©mon,123,2,80,88.1,3,grass,poison,100,1
Charmander,"['Blaze', 'Solar Power']",52,45,Lizard PokÃ©mon,43,0.6,39,88.1,4,fire,,8.5,1
Charmeleon,"['Blaze', 'Solar Power']",64,45,Flame PokÃ©mon,58,1.1,58,88.1,5,fire,,19,1
Charizard,"['Blaze', 'Solar Power']",104,45,Flame PokÃ©mon,78,1.7,78,88.1,6,fire,flying,90.5,1
Squirtle,"['Torrent', 'Rain Dish']",48,45,Tiny Turtle PokÃ©mon,65,0.5,44,88.1,7,water,,9,1
Wartortle,"['Torrent', 'Rain Dish']",63,45,Turtle PokÃ©mon,80,1,59,88.1,8,water,,22.5,1
Blastoise,"['Torrent', 'Rain Dish']",103,45,Shellfish PokÃ©mon,120,1.6,79,88.1,9,water,,85.5,1
Caterpie,"['Shield Dust', 'Run Away']",30,255,Worm PokÃ©mon,35,0.3,45,50,10,bug,,2.9,1
Metapod,['Shed Skin'],20,120,Cocoon PokÃ©mon,55,0.7,50,50,11,bug,,9.9,1
Butterfree,"['Compoundeyes', 'Tinted Lens']",45,45,Butterfly PokÃ©mon,50,1.1,60,50,12,bug,flying,32,1
Weedle,"['Shield Dust', 'Run Away']",35,255,Hairy PokÃ©mon,30,0.3,40,50,13,bug,poison,3.2,1
Kakuna,['Shed Skin'],25,120,Cocoon PokÃ©mon,50,0.6,45,50,14,bug,poison,10,1
Beedrill,"['Swarm', 'Sniper']",150,45,Poison Bee PokÃ©mon,40,1,65,50,15,bug,poison,29.5,1
Pidgey,"['Keen Eye', 'Tangled Feet', 'Big Pecks']",45,255,Tiny Bird PokÃ©mon,40,0.3,40,50,16,normal,flying,1.8,1
Pidgeotto,"['Keen Eye', 'Tangled Feet', 'Big Pecks']",60,120,Bird PokÃ©mon,55,1.1,63,50,17,normal,flying,30,1
Pidgeot,"['Keen Eye', 'Tangled Feet', 'Big Pecks']",80,45,Bird PokÃ©mon,80,1.5,83,50,18,normal,flying,39.5,1
Rattata,"['Run Away', 'Guts', 'Hustle', 'Gluttony', 'Hustle', 'Thick Fat']",56,255,Mouse PokÃ©mon,35,,30,50,19,normal,dark,,1
Raticate,"['Run Away', 'Guts', 'Hustle', 'Gluttony', 'Hustle', 'Thick Fat']",71,127,Mouse PokÃ©mon,70,,75,50,20,normal,dark,,1
Spearow,"['Keen Eye', 'Sniper']",60,255,Tiny Bird PokÃ©mon,30,0.3,40,50,21,normal,flying,2,1
Fearow,"['Keen Eye', 'Sniper']",90,90,Beak PokÃ©mon,65,1.2,65,50,22,normal,flying,38,1
Ekans,"['Intimidate', 'Shed Skin', 'Unnerve']",60,255,Snake PokÃ©mon,44,2,35,50,23,poison,,6.9,1
Arbok,"['Intimidate', 'Shed Skin', 'Unnerve']",95,90,Cobra PokÃ©mon,69,3.5,60,50,24,poison,,65,1
Pikachu,"['Static', 'Lightningrod']",55,190,Mouse PokÃ©mon,40,0.4,35,50,25,electric,,6,1
Raichu,"['Static', 'Lightningrod', 'Surge Surfer']",85,75,Mouse PokÃ©mon,50,,60,50,26,electric,electric,,1
Sandshrew,"['Sand Veil', 'Sand Rush', 'Snow Cloak', 'Slush Rush']",75,255,Mouse PokÃ©mon,90,,50,50,27,ground,ice,,1
Sandslash,"['Sand Veil', 'Sand Rush', 'Snow Cloak', 'Slush Rush']",100,90,Mouse PokÃ©mon,120,,75,50,28,ground,ice,,1
Nidoranâ™€,"['Poison Point', 'Rivalry', 'Hustle']",47,235,Poison Pin PokÃ©mon,52,0.4,55,0,29,poison,,7,1
Nidorina,"['Poison Point', 'Rivalry', 'Hustle']",62,120,Poison Pin PokÃ©mon,67,0.8,70,0,30,poison,,20,1
Nidoqueen,"['Poison Point', 'Rivalry', 'Sheer Force']",92,45,Drill PokÃ©mon,87,1.3,90,0,31,poison,ground,60,1
Nidoranâ™‚,"['Poison Point', 'Rivalry', 'Hustle']",57,235,Poison Pin PokÃ©mon,40,0.5,46,100,32,poison,,9,1
Nidorino,"['Poison Point', 'Rivalry', 'Hustle']",72,120,Poison Pin PokÃ©mon,57,0.9,61,100,33,poison,,19.5,1
Nidoking,"['Poison Point', 'Rivalry', 'Sheer Force']",102,45,Drill PokÃ©mon,77,1.4,81,100,34,poison,ground,62,1
Clefairy,"['Cute Charm', 'Magic Guard', 'Friend Guard']",45,150,Fairy PokÃ©mon,48,0.6,70,24.6,35,fairy,,7.5,1
Clefable,"['Cute Charm', 'Magic Guard', 'Unaware']",70,25,Fairy PokÃ©mon,73,1.3,95,24.6,36,fairy,,40,1
Vulpix,"['Flash Fire', 'Drought', 'Snow Cloak', 'Snow Warning']",41,190,Fox PokÃ©mon,40,,38,24.6,37,fire,ice,,1
Ninetales,"['Flash Fire', 'Drought', 'Snow Cloak', 'Snow Warning']",67,75,Fox PokÃ©mon,75,,73,24.6,38,fire,ice,,1
Jigglypuff,"['Cute Charm', 'Competitive', 'Friend Guard']",45,170,Balloon PokÃ©mon,20,0.5,115,24.6,39,normal,fairy,5.5,1
Wigglytuff,"['Cute Charm', 'Competitive', 'Frisk']",70,50,Balloon PokÃ©mon,45,1,140,24.6,40,normal,fairy,12,1
Zubat,"['Inner Focus', 'Infiltrator']",45,255,Bat PokÃ©mon,35,0.8,40,50,41,poison,flying,7.5,1
Golbat,"['Inner Focus', 'Infiltrator']",80,90,Bat PokÃ©mon,70,1.6,75,50,42,poison,flying,55,1
Oddish,"['Chlorophyll', 'Run Away']",50,255,Weed PokÃ©mon,55,0.5,45,50,43,grass,poison,5.4,1
Gloom,"['Chlorophyll', 'Stench']",65,120,Weed PokÃ©mon,70,0.8,60,50,44,grass,poison,8.6,1
Vileplume,"['Chlorophyll', 'Effect Spore']",80,45,Flower PokÃ©mon,85,1.2,75,50,45,grass,poison,18.6,1
Paras,"['Effect Spore', 'Dry Skin', 'Damp']",70,190,Mushroom PokÃ©mon,55,0.3,35,50,46,bug,grass,5.4,1
Parasect,"['Effect Spore', 'Dry Skin', 'Damp']",95,75,Mushroom PokÃ©mon,80,1,60,50,47,bug,grass,29.5,1
Venonat,"['Compoundeyes', 'Tinted Lens', 'Run Away']",55,190,Insect PokÃ©mon,50,1,60,50,48,bug,poison,30,1
Venomoth,"['Shield Dust', 'Tinted Lens', 'Wonder Skin ']",65,75,Poison Moth PokÃ©mon,60,1.5,70,50,49,bug,poison,12.5,1
Diglett,"['Sand Veil', 'Arena Trap', 'Sand Force', 'Sand Veil', 'Tangling Hair', 'Sand Force']",55,255,Mole PokÃ©mon,30,,10,50,50,ground,ground,,1
Dugtrio,"['Sand Veil', 'Arena Trap', 'Sand Force', 'Sand Veil', 'Tangling Hair', 'Sand Force']",100,50,Mole PokÃ©mon,60,,35,50,51,ground,ground,,1
Meowth,"['Pickup', 'Technician', 'Unnerve', 'Pickup', 'Technician', 'Rattled']",35,255,Scratch Cat PokÃ©mon,35,,40,50,52,normal,dark,,1
Persian,"['Limber', 'Technician', 'Unnerve', 'Fur Coat', 'Technician', 'Rattled']",60,90,Classy Cat PokÃ©mon,60,,65,50,53,normal,dark,,1
Psyduck,"['Damp', 'Cloud Nine', 'Swift Swim']",52,190,Duck PokÃ©mon,48,0.8,50,50,54,water,,19.6,1
Golduck,"['Damp', 'Cloud Nine', 'Swift Swim']",82,75,Duck PokÃ©mon,78,1.7,80,50,55,water,,76.6,1
Mankey,"['Vital Spirit', 'Anger Point', 'Defiant']",80,190,Pig Monkey PokÃ©mon,35,0.5,40,50,56,fighting,,28,1
Primeape,"['Vital Spirit', 'Anger Point', 'Defiant']",105,75,Pig Monkey PokÃ©mon,60,1,65,50,57,fighting,,32,1
Growlithe,"['Intimidate', 'Flash Fire', 'Justified']",70,190,Puppy PokÃ©mon,45,0.7,55,75.4,58,fire,,19,1
Arcanine,"['Intimidate', 'Flash Fire', 'Justified']",110,75,Legendary PokÃ©mon,80,1.9,90,75.4,59,fire,,155,1
Poliwag,"['Water Absorb', 'Damp', 'Swift Swim']",50,255,Tadpole PokÃ©mon,40,0.6,40,50,60,water,,12.4,1
Poliwhirl,"['Water Absorb', 'Damp', 'Swift Swim']",65,120,Tadpole PokÃ©mon,65,1,65,50,61,water,,20,1
Poliwrath,"['Water Absorb', 'Damp', 'Swift Swim']",95,45,Tadpole PokÃ©mon,95,1.3,90,50,62,water,fighting,54,1
Abra,"['Synchronize', 'Inner Focus', 'Magic Guard']",20,200,Psi PokÃ©mon,15,0.9,25,75.4,63,psychic,,19.5,1
Kadabra,"['Synchronize', 'Inner Focus', 'Magic Guard']",35,100,Psi PokÃ©mon,30,1.3,40,75.4,64,psychic,,56.5,1
Alakazam,"['Synchronize', 'Inner Focus', 'Magic Guard']",50,50,Psi PokÃ©mon,65,1.5,55,75.4,65,psychic,,48,1
Machop,"['Guts', 'No Guard', 'Steadfast']",80,180,Superpower PokÃ©mon,50,0.8,70,75.4,66,fighting,,19.5,1
Machoke,"['Guts', 'No Guard', 'Steadfast']",100,90,Superpower PokÃ©mon,70,1.5,80,75.4,67,fighting,,70.5,1
Machamp,"['Guts', 'No Guard', 'Steadfast']",130,45,Superpower PokÃ©mon,80,1.6,90,75.4,68,fighting,,130,1
Bellsprout,"['Chlorophyll', 'Gluttony']",75,255,Flower PokÃ©mon,35,0.7,50,50,69,grass,poison,4,1
Weepinbell,"['Chlorophyll', 'Gluttony']",90,120,Flycatcher PokÃ©mon,50,1,65,50,70,grass,poison,6.4,1
Victreebel,"['Chlorophyll', 'Gluttony']",105,45,Flycatcher PokÃ©mon,65,1.7,80,50,71,grass,poison,15.5,1
Tentacool,"['Clear Body', 'Liquid Ooze', 'Rain Dish']",40,190,Jellyfish PokÃ©mon,35,0.9,40,50,72,water,poison,45.5,1
Tentacruel,"['Clear Body', 'Liquid Ooze', 'Rain Dish']",70,60,Jellyfish PokÃ©mon,65,1.6,80,50,73,water,poison,55,1
Geodude,"['Rock Head', 'Sturdy', 'Sand Veil', 'Magnet Pull', 'Sturdy', 'Galvanize']",80,255,Rock PokÃ©mon,100,,40,50,74,rock,ground,,1
Graveler,"['Rock Head', 'Sturdy', 'Sand Veil', 'Magnet Pull', 'Sturdy', 'Galvanize']",95,120,Rock PokÃ©mon,115,,55,50,75,rock,ground,,1
Golem,"['Rock Head', 'Sturdy', 'Sand Veil', 'Magnet Pull', 'Sturdy', 'Galvanize']",120,45,Megaton PokÃ©mon,130,,80,50,76,rock,ground,,1
Ponyta,"['Run Away', 'Flash Fire', 'Flame Body']",85,190,Fire Horse PokÃ©mon,55,1,50,50,77,fire,,30,1
Rapidash,"['Run Away', 'Flash Fire', 'Flame Body']",100,60,Fire Horse PokÃ©mon,70,1.7,65,50,78,fire,,95,1
Slowpoke,"['Oblivious', 'Own Tempo', 'Regenerator']",65,190,Dopey PokÃ©mon,65,1.2,90,50,79,water,psychic,36,1
Slowbro,"['Oblivious', 'Own Tempo', 'Regenerator']",75,75,Hermit Crab PokÃ©mon,180,1.6,95,50,80,water,psychic,78.5,1
Magnemite,"['Magnet Pull', 'Sturdy', 'Analytic']",35,190,Magnet PokÃ©mon,70,0.3,25,,81,electric,steel,6,1
Magneton,"['Magnet Pull', 'Sturdy', 'Analytic']",60,60,Magnet PokÃ©mon,95,1,50,,82,electric,steel,60,1
Farfetch'd,"['Keen Eye', 'Inner Focus', 'Defiant']",90,45,Wild Duck PokÃ©mon,55,0.8,52,50,83,normal,flying,15,1
Doduo,"['Run Away', 'Early Bird', 'Tangled Feet']",85,190,Twin Bird PokÃ©mon,45,1.4,35,50,84,normal,flying,39.2,1
Dodrio,"['Run Away', 'Early Bird', 'Tangled Feet']",110,45,Triple Bird PokÃ©mon,70,1.8,60,50,85,normal,flying,85.2,1
Seel,"['Thick Fat', 'Hydration', 'Ice Body']",45,190,Sea Lion PokÃ©mon,55,1.1,65,50,86,water,,90,1
Dewgong,"['Thick Fat', 'Hydration', 'Ice Body']",70,75,Sea Lion PokÃ©mon,80,1.7,90,50,87,water,ice,120,1
Grimer,"['Stench', 'Sticky Hold', 'Poison Touch', 'Poison Touch', 'Gluttony', 'Power of Alchemy']",80,190,Sludge PokÃ©mon,50,,80,50,88,poison,poison,,1
Muk,"['Stench', 'Sticky Hold', 'Poison Touch', 'Poison Touch', 'Gluttony', 'Power of Alchemy']",105,75,Sludge PokÃ©mon,75,,105,50,89,poison,poison,,1
Shellder,"['Shell Armor', 'Skill Link', 'Overcoat']",65,190,Bivalve PokÃ©mon,100,0.3,30,50,90,water,,4,1
Cloyster,"['Shell Armor', 'Skill Link', 'Overcoat']",95,60,Bivalve PokÃ©mon,180,1.5,50,50,91,water,ice,132.5,1
Gastly,['Levitate'],35,190,Gas PokÃ©mon,30,1.3,30,50,92,ghost,poison,0.1,1
Haunter,['Levitate'],50,90,Gas PokÃ©mon,45,1.6,45,50,93,ghost,poison,0.1,1
Gengar,['Cursed Body'],65,45,Shadow PokÃ©mon,80,1.5,60,50,94,ghost,poison,40.5,1
Onix,"['Rock Head', 'Sturdy', 'Weak Armor']",45,45,Rock Snake PokÃ©mon,160,8.8,35,50,95,rock,ground,210,1
Drowzee,"['Insomnia', 'Forewarn', 'Inner Focus']",48,190,Hypnosis PokÃ©mon,45,1,60,50,96,psychic,,32.4,1
Hypno,"['Insomnia', 'Forewarn', 'Inner Focus']",73,75,Hypnosis PokÃ©mon,70,1.6,85,50,97,psychic,,75.6,1
Krabby,"['Hyper Cutter', 'Shell Armor', 'Sheer Force']",105,225,River Crab PokÃ©mon,90,0.4,30,50,98,water,,6.5,1
Kingler,"['Hyper Cutter', 'Shell Armor', 'Sheer Force']",130,60,Pincer PokÃ©mon,115,1.3,55,50,99,water,,60,1
Voltorb,"['Soundproof', 'Static', 'Aftermath']",30,190,Ball PokÃ©mon,50,0.5,40,,100,electric,,10.4,1
Electrode,"['Soundproof', 'Static', 'Aftermath']",50,60,Ball PokÃ©mon,70,1.2,60,,101,electric,,66.6,1
Exeggcute,"['Chlorophyll', 'Harvest']",40,90,Egg PokÃ©mon,80,0.4,60,50,102,grass,psychic,2.5,1
Exeggutor,"['Chlorophyll', 'Harvest', 'Frisk', 'Harvest']",105,45,Coconut PokÃ©mon,85,,95,50,103,grass,psychic,,1
Cubone,"['Rock Head', 'Lightningrod', 'Battle Armor']",50,190,Lonely PokÃ©mon,95,0.4,50,50,104,ground,,6.5,1
Marowak,"['Rock Head', 'Lightningrod', 'Battle Armor', 'Cursed Body', 'Lightningrod', 'Rock Head']",80,75,Bone Keeper PokÃ©mon,110,,60,50,105,ground,fire,,1
Hitmonlee,"['Limber', 'Reckless', 'Unburden']",120,45,Kicking PokÃ©mon,53,1.5,50,100,106,fighting,,49.8,1
Hitmonchan,"['Keen Eye', 'Iron Fist', 'Inner Focus']",105,45,Punching PokÃ©mon,79,1.4,50,100,107,fighting,,50.2,1
Lickitung,"['Own Tempo', 'Oblivious', 'Cloud Nine']",55,45,Licking PokÃ©mon,75,1.2,90,50,108,normal,,65.5,1
Koffing,['Levitate'],65,190,Poison Gas PokÃ©mon,95,0.6,40,50,109,poison,,1,1
Weezing,['Levitate'],90,60,Poison Gas PokÃ©mon,120,1.2,65,50,110,poison,,9.5,1
Rhyhorn,"['Lightningrod', 'Rock Head', 'Reckless']",85,120,Spikes PokÃ©mon,95,1,80,50,111,ground,rock,115,1
Rhydon,"['Lightningrod', 'Rock Head', 'Reckless']",130,60,Drill PokÃ©mon,120,1.9,105,50,112,ground,rock,120,1
Chansey,"['Natural Cure', 'Serene Grace', 'Healer']",5,30,Egg PokÃ©mon,5,1.1,250,0,113,normal,,34.6,1
Tangela,"['Chlorophyll', 'Leaf Guard', 'Regenerator']",55,45,Vine PokÃ©mon,115,1,65,50,114,grass,,35,1
Kangaskhan,"['Early Bird', 'Scrappy', 'Inner Focus']",125,45,Parent PokÃ©mon,100,2.2,105,0,115,normal,,80,1
Horsea,"['Swift Swim', 'Sniper', 'Damp']",40,225,Dragon PokÃ©mon,70,0.4,30,50,116,water,,8,1
Seadra,"['Poison Point', 'Sniper', 'Damp']",65,75,Dragon PokÃ©mon,95,1.2,55,50,117,water,,25,1
Goldeen,"['Swift Swim', 'Water Veil', 'Lightningrod']",67,225,Goldfish PokÃ©mon,60,0.6,45,50,118,water,,15,1
Seaking,"['Swift Swim', 'Water Veil', 'Lightningrod']",92,60,Goldfish PokÃ©mon,65,1.3,80,50,119,water,,39,1
Staryu,"['Illuminate', 'Natural Cure', 'Analytic']",45,225,Starshape PokÃ©mon,55,0.8,30,,120,water,,34.5,1
Starmie,"['Illuminate', 'Natural Cure', 'Analytic']",75,60,Mysterious PokÃ©mon,85,1.1,60,,121,water,psychic,80,1
Mr. Mime,"['Soundproof', 'Filter', 'Technician']",45,45,Barrier PokÃ©mon,65,1.3,40,50,122,psychic,fairy,54.5,1
Scyther,"['Swarm', 'Technician', 'Steadfast']",110,45,Mantis PokÃ©mon,80,1.5,70,50,123,bug,flying,56,1
Jynx,"['Oblivious', 'Forewarn', 'Dry Skin']",50,45,Humanshape PokÃ©mon,35,1.4,65,0,124,ice,psychic,40.6,1
Electabuzz,"['Static', 'Vital Spirit']",83,45,Electric PokÃ©mon,57,1.1,65,75.4,125,electric,,30,1
Magmar,"['Flame Body', 'Vital Spirit']",95,45,Spitfire PokÃ©mon,57,1.3,65,75.4,126,fire,,44.5,1
Pinsir,"['Hyper Cutter', 'Mold Breaker', 'Moxie']",155,45,Stagbeetle PokÃ©mon,120,1.5,65,50,127,bug,,55,1
Tauros,"['Intimidate', 'Anger Point', 'Sheer Force']",100,45,Wild Bull PokÃ©mon,95,1.4,75,100,128,normal,,88.4,1
Magikarp,"['Swift Swim', 'Rattled']",10,255,Fish PokÃ©mon,55,0.9,20,50,129,water,,10,1
Gyarados,"['Intimidate', 'Moxie']",155,45,Atrocious PokÃ©mon,109,6.5,95,50,130,water,flying,235,1
Lapras,"['Water Absorb', 'Shell Armor', 'Hydration']",85,45,Transport PokÃ©mon,80,2.5,130,50,131,water,ice,220,1
Ditto,"['Limber', 'Imposter']",48,35,Transform PokÃ©mon,48,0.3,48,,132,normal,,4,1
Eevee,"['Run Away', 'Adaptability', 'Anticipation']",55,45,Evolution PokÃ©mon,50,0.3,55,88.1,133,normal,,6.5,1
Vaporeon,"['Water Absorb', 'Hydration']",65,45,Bubble Jet PokÃ©mon,60,1,130,88.1,134,water,,29,1
Jolteon,"['Volt Absorb', 'Quick Feet']",65,45,Lightning PokÃ©mon,60,0.8,65,88.1,135,electric,,24.5,1
Flareon,"['Flash Fire', 'Guts']",130,45,Flame PokÃ©mon,60,0.9,65,88.1,136,fire,,25,1
Porygon,"['Trace', 'Download', 'Analytic']",60,45,Virtual PokÃ©mon,70,0.8,65,,137,normal,,36.5,1
Omanyte,"['Swift Swim', 'Shell Armor', 'Weak Armor']",40,45,Spiral PokÃ©mon,100,0.4,35,88.1,138,rock,water,7.5,1
Omastar,"['Swift Swim', 'Shell Armor', 'Weak Armor']",60,45,Spiral PokÃ©mon,125,1,70,88.1,139,rock,water,35,1
Kabuto,"['Swift Swim', 'Battle Armor', 'Weak Armor']",80,45,Shellfish PokÃ©mon,90,0.5,30,88.1,140,rock,water,11.5,1
Kabutops,"['Swift Swim', 'Battle Armor', 'Weak Armor']",115,45,Shellfish PokÃ©mon,105,1.3,60,88.1,141,rock,water,40.5,1
Aerodactyl,"['Rock Head', 'Pressure', 'Unnerve']",135,45,Fossil PokÃ©mon,85,1.8,80,88.1,142,rock,flying,59,1
Snorlax,"['Immunity', 'Thick Fat', 'Gluttony']",110,25,Sleeping PokÃ©mon,65,2.1,160,88.1,143,normal,,460,1
Articuno,"['Pressure', 'Snow Cloak']",85,3,Freeze PokÃ©mon,100,1.7,90,,144,ice,flying,55.4,1
Zapdos,"['Pressure', 'Static']",90,3,Electric PokÃ©mon,85,1.6,90,,145,electric,flying,52.6,1
Moltres,"['Pressure', 'Flame Body']",100,3,Flame PokÃ©mon,90,2,90,,146,fire,flying,60,1
Dratini,"['Shed Skin', 'Marvel Scale']",64,45,Dragon PokÃ©mon,45,1.8,41,50,147,dragon,,3.3,1
Dragonair,"['Shed Skin', 'Marvel Scale']",84,45,Dragon PokÃ©mon,65,4,61,50,148,dragon,,16.5,1
Dragonite,"['Inner Focus', 'Multiscale']",134,45,Dragon PokÃ©mon,95,2.2,91,50,149,dragon,flying,210,1
Mewtwo,"['Pressure', 'Unnerve']",150,3,Genetic PokÃ©mon,70,2,106,,150,psychic,,122,1
Mew,['Synchronize'],100,45,New Species PokÃ©mon,100,0.4,100,,151,psychic,,4,1
Chikorita,"['Overgrow', 'Leaf Guard']",49,45,Leaf PokÃ©mon,65,0.9,45,88.1,152,grass,,6.4,2
Bayleef,"['Overgrow', 'Leaf Guard']",62,45,Leaf PokÃ©mon,80,1.2,60,88.1,153,grass,,15.8,2
Meganium,"['Overgrow', 'Leaf Guard']",82,45,Herb PokÃ©mon,100,1.8,80,88.1,154,grass,,100.5,2
Cyndaquil,"['Blaze', 'Flash Fire']",52,45,Fire Mouse PokÃ©mon,43,0.5,39,88.1,155,fire,,7.9,2
Quilava,"['Blaze', 'Flash Fire']",64,45,Volcano PokÃ©mon,58,0.9,58,88.1,156,fire,,19,2
Typhlosion,"['Blaze', 'Flash Fire']",84,45,Volcano PokÃ©mon,78,1.7,78,88.1,157,fire,,79.5,2
Totodile,"['Torrent', 'Sheer Force']",65,45,Big Jaw PokÃ©mon,64,0.6,50,88.1,158,water,,9.5,2
Croconaw,"['Torrent', 'Sheer Force']",80,45,Big Jaw PokÃ©mon,80,1.1,65,88.1,159,water,,25,2
Feraligatr,"['Torrent', 'Sheer Force']",105,45,Big Jaw PokÃ©mon,100,2.3,85,88.1,160,water,,88.8,2
Sentret,"['Run Away', 'Keen Eye', 'Frisk']",46,255,Scout PokÃ©mon,34,0.8,35,50,161,normal,,6,2
Furret,"['Run Away', 'Keen Eye', 'Frisk']",76,90,Long Body PokÃ©mon,64,1.8,85,50,162,normal,,32.5,2
Hoothoot,"['Insomnia', 'Keen Eye', 'Tinted Lens']",30,255,Owl PokÃ©mon,30,0.7,60,50,163,normal,flying,21.2,2
Noctowl,"['Insomnia', 'Keen Eye', 'Tinted Lens']",50,90,Owl PokÃ©mon,50,1.6,100,50,164,normal,flying,40.8,2
Ledyba,"['Swarm', 'Early Bird', 'Rattled']",20,255,Five Star PokÃ©mon,30,1,40,50,165,bug,flying,10.8,2
Ledian,"['Swarm', 'Early Bird', 'Iron Fist']",35,90,Five Star PokÃ©mon,50,1.4,55,50,166,bug,flying,35.6,2
Spinarak,"['Swarm', 'Insomnia', 'Sniper']",60,255,String Spit PokÃ©mon,40,0.5,40,50,167,bug,poison,8.5,2
Ariados,"['Swarm', 'Insomnia', 'Sniper']",90,90,Long Leg PokÃ©mon,70,1.1,70,50,168,bug,poison,33.5,2
Crobat,"['Inner Focus', 'Infiltrator']",90,90,Bat PokÃ©mon,80,1.8,85,50,169,poison,flying,75,2
Chinchou,"['Volt Absorb', 'Illuminate', 'Water Absorb']",38,190,Angler PokÃ©mon,38,0.5,75,50,170,water,electric,12,2
Lanturn,"['Volt Absorb', 'Illuminate', 'Water Absorb']",58,75,Light PokÃ©mon,58,1.2,125,50,171,water,electric,22.5,2
Pichu,"['Static', 'Lightningrod']",40,190,Tiny Mouse PokÃ©mon,15,0.3,20,50,172,electric,,2,2
Cleffa,"['Cute Charm', 'Magic Guard', 'Friend Guard']",25,150,Star Shape PokÃ©mon,28,0.3,50,24.6,173,fairy,,3,2
Igglybuff,"['Cute Charm', 'Competitive', 'Friend Guard']",30,170,Balloon PokÃ©mon,15,0.3,90,24.6,174,normal,fairy,1,2
Togepi,"['Hustle', 'Serene Grace', 'Super Luck']",20,190,Spike Ball PokÃ©mon,65,0.3,35,88.1,175,fairy,,1.5,2
Togetic,"['Hustle', 'Serene Grace', 'Super Luck']",40,75,Happiness PokÃ©mon,85,0.6,55,88.1,176,fairy,flying,3.2,2
Natu,"['Synchronize', 'Early Bird', 'Magic Bounce']",50,190,Little Bird PokÃ©mon,45,0.2,40,50,177,psychic,flying,2,2
Xatu,"['Synchronize', 'Early Bird', 'Magic Bounce']",75,75,Mystic PokÃ©mon,70,1.5,65,50,178,psychic,flying,15,2
Mareep,"['Static', 'Plus']",40,235,Wool PokÃ©mon,40,0.6,55,50,179,electric,,7.8,2
Flaaffy,"['Static', 'Plus']",55,120,Wool PokÃ©mon,55,0.8,70,50,180,electric,,13.3,2
Ampharos,"['Static', 'Plus']",95,45,Light PokÃ©mon,105,1.4,90,50,181,electric,,61.5,2
Bellossom,"['Chlorophyll', 'Healer']",80,45,Flower PokÃ©mon,95,0.4,75,50,182,grass,,5.8,2
Marill,"['Thick Fat', 'Huge Power', 'Sap Sipper']",20,190,Aquamouse PokÃ©mon,50,0.4,70,50,183,water,fairy,8.5,2
Azumarill,"['Thick Fat', 'Huge Power', 'Sap Sipper']",50,75,Aquarabbit PokÃ©mon,80,0.8,100,50,184,water,fairy,28.5,2
Sudowoodo,"['Sturdy', 'Rock Head', 'Rattled']",100,65,Imitation PokÃ©mon,115,1.2,70,50,185,rock,,38,2
Politoed,"['Water Absorb', 'Damp', 'Drizzle']",75,45,Frog PokÃ©mon,75,1.1,90,50,186,water,,33.9,2
Hoppip,"['Chlorophyll', 'Leaf Guard', 'Infiltrator']",35,255,Cottonweed PokÃ©mon,40,0.4,35,50,187,grass,flying,0.5,2
Skiploom,"['Chlorophyll', 'Leaf Guard', 'Infiltrator']",45,120,Cottonweed PokÃ©mon,50,0.6,55,50,188,grass,flying,1,2
Jumpluff,"['Chlorophyll', 'Leaf Guard', 'Infiltrator']",55,45,Cottonweed PokÃ©mon,70,0.8,75,50,189,grass,flying,3,2
Aipom,"['Run Away', 'Pickup', 'Skill Link']",70,45,Long Tail PokÃ©mon,55,0.8,55,50,190,normal,,11.5,2
Sunkern,"['Chlorophyll', 'Solar Power', 'Early Bird']",30,235,Seed PokÃ©mon,30,0.3,30,50,191,grass,,1.8,2
Sunflora,"['Chlorophyll', 'Solar Power', 'Early Bird']",75,120,Sun PokÃ©mon,55,0.8,75,50,192,grass,,8.5,2
Yanma,"['Speed Boost', 'Compoundeyes', 'Frisk']",65,75,Clear Wing PokÃ©mon,45,1.2,65,50,193,bug,flying,38,2
Wooper,"['Damp', 'Water Absorb', 'Unaware']",45,255,Water Fish PokÃ©mon,45,0.4,55,50,194,water,ground,8.5,2
Quagsire,"['Damp', 'Water Absorb', 'Unaware']",85,90,Water Fish PokÃ©mon,85,1.4,95,50,195,water,ground,75,2
Espeon,"['Synchronize', 'Magic Bounce']",65,45,Sun PokÃ©mon,60,0.9,65,88.1,196,psychic,,26.5,2
Umbreon,"['Synchronize', 'Inner Focus']",65,45,Moonlight PokÃ©mon,110,1,95,88.1,197,dark,,27,2
Murkrow,"['Insomnia', 'Super Luck', 'Prankster']",85,30,Darkness PokÃ©mon,42,0.5,60,50,198,dark,flying,2.1,2
Slowking,"['Oblivious', 'Own Tempo', 'Regenerator']",75,70,Royal PokÃ©mon,80,2,95,50,199,water,psychic,79.5,2
Misdreavus,['Levitate'],60,45,Screech PokÃ©mon,60,0.7,60,50,200,ghost,,1,2
Unown,['Levitate'],72,225,Symbol PokÃ©mon,48,0.5,48,,201,psychic,,5,2
Wobbuffet,"['Shadow Tag', 'Telepathy']",33,45,Patient PokÃ©mon,58,1.3,190,50,202,psychic,,28.5,2
Girafarig,"['Inner Focus', 'Early Bird', 'Sap Sipper']",80,60,Long Neck PokÃ©mon,65,1.5,70,50,203,normal,psychic,41.5,2
Pineco,"['Sturdy', 'Overcoat']",65,190,Bagworm PokÃ©mon,90,0.6,50,50,204,bug,,7.2,2
Forretress,"['Sturdy', 'Overcoat']",90,75,Bagworm PokÃ©mon,140,1.2,75,50,205,bug,steel,125.8,2
Dunsparce,"['Serene Grace', 'Run Away', 'Rattled']",70,190,Land Snake PokÃ©mon,70,1.5,100,50,206,normal,,14,2
Gligar,"['Hyper Cutter', 'Sand Veil', 'Immunity']",75,60,Flyscorpion PokÃ©mon,105,1.1,65,50,207,ground,flying,64.8,2
Steelix,"['Rock Head', 'Sturdy', 'Sheer Force']",125,25,Iron Snake PokÃ©mon,230,9.2,75,50,208,steel,ground,400,2
Snubbull,"['Intimidate', 'Run Away', 'Rattled']",80,190,Fairy PokÃ©mon,50,0.6,60,24.6,209,fairy,,7.8,2
Granbull,"['Intimidate', 'Quick Feet', 'Rattled']",120,75,Fairy PokÃ©mon,75,1.4,90,24.6,210,fairy,,48.7,2
Qwilfish,"['Poison Point', 'Swift Swim', 'Intimidate']",95,45,Balloon PokÃ©mon,85,0.5,65,50,211,water,poison,3.9,2
Scizor,"['Swarm', 'Technician', 'Light Metal']",150,25,Pincer PokÃ©mon,140,1.8,70,50,212,bug,steel,118,2
Shuckle,"['Sturdy', 'Gluttony', 'Contrary']",10,190,Mold PokÃ©mon,230,0.6,20,50,213,bug,rock,20.5,2
Heracross,"['Swarm', 'Guts', 'Moxie']",185,45,Singlehorn PokÃ©mon,115,1.5,80,50,214,bug,fighting,54,2
Sneasel,"['Inner Focus', 'Keen Eye', 'Pickpocket']",95,60,Sharp Claw PokÃ©mon,55,0.9,55,50,215,dark,ice,28,2
Teddiursa,"['Pickup', 'Quick Feet', 'Honey Gather']",80,120,Little Bear PokÃ©mon,50,0.6,60,50,216,normal,,8.8,2
Ursaring,"['Guts', 'Quick Feet', 'Unnerve']",130,60,Hibernator PokÃ©mon,75,1.8,90,50,217,normal,,125.8,2
Slugma,"['Magma Armor', 'Flame Body', 'Weak Armor']",40,190,Lava PokÃ©mon,40,0.7,40,50,218,fire,,35,2
Magcargo,"['Magma Armor', 'Flame Body', 'Weak Armor']",50,75,Lava PokÃ©mon,120,0.8,60,50,219,fire,rock,55,2
Swinub,"['Oblivious', 'Snow Cloak', 'Thick Fat']",50,225,Pig PokÃ©mon,40,0.4,50,50,220,ice,ground,6.5,2
Piloswine,"['Oblivious', 'Snow Cloak', 'Thick Fat']",100,75,Swine PokÃ©mon,80,1.1,100,50,221,ice,ground,55.8,2
Corsola,"['Hustle', 'Natural Cure', 'Regenerator']",55,60,Coral PokÃ©mon,95,0.6,65,24.6,222,water,rock,5,2
Remoraid,"['Hustle', 'Sniper', 'Moody']",65,190,Jet PokÃ©mon,35,0.6,35,50,223,water,,12,2
Octillery,"['Suction Cups', 'Sniper', 'Moody']",105,75,Jet PokÃ©mon,75,0.9,75,50,224,water,,28.5,2
Delibird,"['Vital Spirit', 'Hustle', 'Insomnia']",55,45,Delivery PokÃ©mon,45,0.9,45,50,225,ice,flying,16,2
Mantine,"['Swift Swim', 'Water Absorb', 'Water Veil']",40,25,Kite PokÃ©mon,70,2.1,85,50,226,water,flying,220,2
Skarmory,"['Keen Eye', 'Sturdy', 'Weak Armor']",80,25,Armor Bird PokÃ©mon,140,1.7,65,50,227,steel,flying,50.5,2
Houndour,"['Early Bird', 'Flash Fire', 'Unnerve']",60,120,Dark PokÃ©mon,30,0.6,45,50,228,dark,fire,10.8,2
Houndoom,"['Early Bird', 'Flash Fire', 'Unnerve']",90,45,Dark PokÃ©mon,90,1.4,75,50,229,dark,fire,35,2
Kingdra,"['Swift Swim', 'Sniper', 'Damp']",95,45,Dragon PokÃ©mon,95,1.8,75,50,230,water,dragon,152,2
Phanpy,"['Pickup', 'Sand Veil']",60,120,Long Nose PokÃ©mon,60,0.5,90,50,231,ground,,33.5,2
Donphan,"['Sturdy', 'Sand Veil']",120,60,Armor PokÃ©mon,120,1.1,90,50,232,ground,,120,2
Porygon2,"['Trace', 'Download', 'Analytic']",80,45,Virtual PokÃ©mon,90,0.6,85,,233,normal,,32.5,2
Stantler,"['Intimidate', 'Frisk', 'Sap Sipper']",95,45,Big Horn PokÃ©mon,62,1.4,73,50,234,normal,,71.2,2
Smeargle,"['Own Tempo', 'Technician', 'Moody']",20,45,Painter PokÃ©mon,35,1.2,55,50,235,normal,,58,2
Tyrogue,"['Guts', 'Steadfast', 'Vital Spirit']",35,75,Scuffle PokÃ©mon,35,0.7,35,100,236,fighting,,21,2
Hitmontop,"['Intimidate', 'Technician', 'Steadfast']",95,45,Handstand PokÃ©mon,95,1.4,50,100,237,fighting,,48,2
Smoochum,"['Oblivious', 'Forewarn', 'Hydration']",30,45,Kiss PokÃ©mon,15,0.4,45,0,238,ice,psychic,6,2
Elekid,"['Static', 'Vital Spirit']",63,45,Electric PokÃ©mon,37,0.6,45,75.4,239,electric,,23.5,2
Magby,"['Flame Body', 'Vital Spirit']",75,45,Live Coal PokÃ©mon,37,0.7,45,75.4,240,fire,,21.4,2
Miltank,"['Thick Fat', 'Scrappy', 'Sap Sipper']",80,45,Milk Cow PokÃ©mon,105,1.2,95,0,241,normal,,75.5,2
Blissey,"['Natural Cure', 'Serene Grace', 'Healer']",10,30,Happiness PokÃ©mon,10,1.5,255,0,242,normal,,46.8,2
Raikou,"['Pressure', 'Inner Focus']",85,3,Thunder PokÃ©mon,75,1.9,90,,243,electric,,178,2
Entei,"['Pressure', 'Inner Focus']",115,3,Volcano PokÃ©mon,85,2.1,115,,244,fire,,198,2
Suicune,"['Pressure', 'Inner Focus']",75,3,Aurora PokÃ©mon,115,2,100,,245,water,,187,2
Larvitar,"['Guts', 'Sand Veil']",64,45,Rock Skin PokÃ©mon,50,0.6,50,50,246,rock,ground,72,2
Pupitar,['Shed Skin'],84,45,Hard Shell PokÃ©mon,70,1.2,70,50,247,rock,ground,152,2
Tyranitar,"['Sand Stream', 'Unnerve']",164,45,Armor PokÃ©mon,150,2,100,50,248,rock,dark,202,2
Lugia,"['Pressure', 'Multiscale']",90,3,Diving PokÃ©mon,130,5.2,106,,249,psychic,flying,216,2
Ho-Oh,"['Pressure', 'Regenerator']",130,3,Rainbow PokÃ©mon,90,3.8,106,,250,fire,flying,199,2
Celebi,['Natural Cure'],100,45,Time Travel PokÃ©mon,100,0.6,100,,251,psychic,grass,5,2
Treecko,"['Overgrow', 'Unburden']",45,45,Wood Gecko PokÃ©mon,35,0.5,40,88.1,252,grass,,5,3
Grovyle,"['Overgrow', 'Unburden']",65,45,Wood Gecko PokÃ©mon,45,0.9,50,88.1,253,grass,,21.6,3
Sceptile,"['Overgrow', 'Unburden']",110,45,Forest PokÃ©mon,75,1.7,70,88.1,254,grass,,52.2,3
Torchic,"['Blaze', 'Speed Boost']",60,45,Chick PokÃ©mon,40,0.4,45,88.1,255,fire,,2.5,3
Combusken,"['Blaze', 'Speed Boost']",85,45,Young Fowl PokÃ©mon,60,0.9,60,88.1,256,fire,fighting,19.5,3
Blaziken,"['Blaze', 'Speed Boost']",160,45,Blaze PokÃ©mon,80,1.9,80,88.1,257,fire,fighting,52,3
Mudkip,"['Torrent', 'Damp']",70,45,Mud Fish PokÃ©mon,50,0.4,50,88.1,258,water,,7.6,3
Marshtomp,"['Torrent', 'Damp']",85,45,Mud Fish PokÃ©mon,70,0.7,70,88.1,259,water,ground,28,3
Swampert,"['Torrent', 'Damp']",150,45,Mud Fish PokÃ©mon,110,1.5,100,88.1,260,water,ground,81.9,3
Poochyena,"['Run Away', 'Quick Feet', 'Rattled']",55,255,Bite PokÃ©mon,35,0.5,35,50,261,dark,,13.6,3
Mightyena,"['Intimidate', 'Quick Feet', 'Moxie']",90,127,Bite PokÃ©mon,70,1,70,50,262,dark,,37,3
Zigzagoon,"['Pickup', 'Gluttony', 'Quick Feet']",30,255,Tiny Racoon PokÃ©mon,41,0.4,38,50,263,normal,,17.5,3
Linoone,"['Pickup', 'Gluttony', 'Quick Feet']",70,90,Rush PokÃ©mon,61,0.5,78,50,264,normal,,32.5,3
Wurmple,"['Shield Dust', 'Run Away']",45,255,Worm PokÃ©mon,35,0.3,45,50,265,bug,,3.6,3
Silcoon,['Shed Skin'],35,120,Cocoon PokÃ©mon,55,0.6,50,50,266,bug,,10,3
Beautifly,"['Swarm', 'Rivalry']",70,45,Butterfly PokÃ©mon,50,1,60,50,267,bug,flying,28.4,3
Cascoon,['Shed Skin'],35,120,Cocoon PokÃ©mon,55,0.7,50,50,268,bug,,11.5,3
Dustox,"['Shield Dust', 'Compoundeyes']",50,45,Poison Moth PokÃ©mon,70,1.2,60,50,269,bug,poison,31.6,3
Lotad,"['Swift Swim', 'Rain Dish', 'Own Tempo']",30,255,Water Weed PokÃ©mon,30,0.5,40,50,270,water,grass,2.6,3
Lombre,"['Swift Swim', 'Rain Dish', 'Own Tempo']",50,120,Jolly PokÃ©mon,50,1.2,60,50,271,water,grass,32.5,3
Ludicolo,"['Swift Swim', 'Rain Dish', 'Own Tempo']",70,45,Carefree PokÃ©mon,70,1.5,80,50,272,water,grass,55,3
Seedot,"['Chlorophyll', 'Early Bird', 'Pickpocket']",40,255,Acorn PokÃ©mon,50,0.5,40,50,273,grass,,4,3
Nuzleaf,"['Chlorophyll', 'Early Bird', 'Pickpocket']",70,120,Wily PokÃ©mon,40,1,70,50,274,grass,dark,28,3
Shiftry,"['Chlorophyll', 'Early Bird', 'Pickpocket']",100,45,Wickid PokÃ©mon,60,1.3,90,50,275,grass,dark,59.6,3
Taillow,"['Guts', 'Scrappy']",55,200,TinySwallow PokÃ©mon,30,0.3,40,50,276,normal,flying,2.3,3
Swellow,"['Guts', 'Scrappy']",85,45,Swallow PokÃ©mon,60,0.7,60,50,277,normal,flying,19.8,3
Wingull,"['Keen Eye', 'Hydration', 'Rain Dish']",30,190,Seagull PokÃ©mon,30,0.6,40,50,278,water,flying,9.5,3
Pelipper,"['Keen Eye', 'Drizzle', 'Rain Dish']",50,45,Water Bird PokÃ©mon,100,1.2,60,50,279,water,flying,28,3
Ralts,"['Synchronize', 'Trace', 'Telepathy']",25,235,Feeling PokÃ©mon,25,0.4,28,50,280,psychic,fairy,6.6,3
Kirlia,"['Synchronize', 'Trace', 'Telepathy']",35,120,Emotion PokÃ©mon,35,0.8,38,50,281,psychic,fairy,20.2,3
Gardevoir,"['Synchronize', 'Trace', 'Telepathy']",85,45,Embrace PokÃ©mon,65,1.6,68,50,282,psychic,fairy,48.4,3
Surskit,"['Swift Swim', 'Rain Dish']",30,200,Pond Skater PokÃ©mon,32,0.5,40,50,283,bug,water,1.7,3
Masquerain,"['Intimidate', 'Unnerve']",60,75,Eyeball PokÃ©mon,62,0.8,70,50,284,bug,flying,3.6,3
Shroomish,"['Effect Spore', 'Poison Heal', 'Quick Feet']",40,255,Mushroom PokÃ©mon,60,0.4,60,50,285,grass,,4.5,3
Breloom,"['Effect Spore', 'Poison Heal', 'Technician']",130,90,Mushroom PokÃ©mon,80,1.2,60,50,286,grass,fighting,39.2,3
Slakoth,['Truant'],60,255,Slacker PokÃ©mon,60,0.8,60,50,287,normal,,24,3
Vigoroth,['Vital Spirit'],80,120,Wild Monkey PokÃ©mon,80,1.4,80,50,288,normal,,46.5,3
Slaking,['Truant'],160,45,Lazy PokÃ©mon,100,2,150,50,289,normal,,130.5,3
Nincada,"['Compoundeyes', 'Run Away']",45,255,Trainee PokÃ©mon,90,0.5,31,50,290,bug,ground,5.5,3
Ninjask,"['Speed Boost', 'Infiltrator']",90,120,Ninja PokÃ©mon,45,0.8,61,50,291,bug,flying,12,3
Shedinja,['Wonder Guard'],90,45,Shed PokÃ©mon,45,0.8,1,,292,bug,ghost,1.2,3
Whismur,"['Soundproof', 'Rattled']",51,190,Whisper PokÃ©mon,23,0.6,64,50,293,normal,,16.3,3
Loudred,"['Soundproof', 'Scrappy']",71,120,Big Voice PokÃ©mon,43,1,84,50,294,normal,,40.5,3
Exploud,"['Soundproof', 'Scrappy']",91,45,Loud Noise PokÃ©mon,63,1.5,104,50,295,normal,,84,3
Makuhita,"['Thick Fat', 'Guts', 'Sheer Force']",60,180,Guts PokÃ©mon,30,1,72,75.4,296,fighting,,86.4,3
Hariyama,"['Thick Fat', 'Guts', 'Sheer Force']",120,200,Arm Thrust PokÃ©mon,60,2.3,144,75.4,297,fighting,,253.8,3
Azurill,"['Thick Fat', 'Huge Power', 'Sap Sipper']",20,150,Polka Dot PokÃ©mon,40,0.2,50,24.6,298,normal,fairy,2,3
Nosepass,"['Sturdy', 'Magnet Pull', 'Sand Force']",45,255,Compass PokÃ©mon,135,1,30,50,299,rock,,97,3
Skitty,"['Cute Charm', 'Normalize', 'Wonder Skin ']",45,255,Kitten PokÃ©mon,45,0.6,50,24.6,300,normal,,11,3
Delcatty,"['Cute Charm', 'Normalize', 'Wonder Skin ']",65,60,Prim PokÃ©mon,65,1.1,70,24.6,301,normal,,32.6,3
Sableye,"['Keen Eye', 'Stall', 'Prankster']",85,45,Darkness PokÃ©mon,125,0.5,50,50,302,dark,ghost,11,3
Mawile,"['Hyper Cutter', 'Intimidate', 'Sheer Force']",105,45,Deceiver PokÃ©mon,125,0.6,50,50,303,steel,fairy,11.5,3
Aron,"['Sturdy', 'Rock Head', 'Heavy Metal']",70,180,Iron Armor PokÃ©mon,100,0.4,50,50,304,steel,rock,60,3
Lairon,"['Sturdy', 'Rock Head', 'Heavy Metal']",90,90,Iron Armor PokÃ©mon,140,0.9,60,50,305,steel,rock,120,3
Aggron,"['Sturdy', 'Rock Head', 'Heavy Metal']",140,45,Iron Armor PokÃ©mon,230,2.1,70,50,306,steel,rock,360,3
Meditite,"['Pure Power', 'Telepathy']",40,180,Meditate PokÃ©mon,55,0.6,30,50,307,fighting,psychic,11.2,3
Medicham,"['Pure Power', 'Telepathy']",100,90,Meditate PokÃ©mon,85,1.3,60,50,308,fighting,psychic,31.5,3
Electrike,"['Static', 'Lightningrod', 'Minus']",45,120,Lightning PokÃ©mon,40,0.6,40,50,309,electric,,15.2,3
Manectric,"['Static', 'Lightningrod', 'Minus']",75,45,Discharge PokÃ©mon,80,1.5,70,50,310,electric,,40.2,3
Plusle,"['Plus', 'Lightningrod']",50,200,Cheering PokÃ©mon,40,0.4,60,50,311,electric,,4.2,3
Minun,"['Minus', 'Volt Absorb']",40,200,Cheering PokÃ©mon,50,0.4,60,50,312,electric,,4.2,3
Volbeat,"['Illuminate', 'Swarm', 'Prankster']",73,150,Firefly PokÃ©mon,75,0.7,65,100,313,bug,,17.7,3
Illumise,"['Oblivious', 'Tinted Lens', 'Prankster']",47,150,Firefly PokÃ©mon,75,0.6,65,0,314,bug,,17.7,3
Roselia,"['Natural Cure', 'Poison Point', 'Leaf Guard']",60,150,Thorn PokÃ©mon,45,0.3,50,50,315,grass,poison,2,3
Gulpin,"['Liquid Ooze', 'Sticky Hold', 'Gluttony']",43,225,Stomach PokÃ©mon,53,0.4,70,50,316,poison,,10.3,3
Swalot,"['Liquid Ooze', 'Sticky Hold', 'Gluttony']",73,75,Poison Bag PokÃ©mon,83,1.7,100,50,317,poison,,80,3
Carvanha,"['Rough Skin', 'Speed Boost']",90,225,Savage PokÃ©mon,20,0.8,45,50,318,water,dark,20.8,3
Sharpedo,"['Rough Skin', 'Speed Boost']",140,60,Brutal PokÃ©mon,70,1.8,70,50,319,water,dark,88.8,3
Wailmer,"['Water Veil', 'Oblivious', 'Pressure']",70,125,Ball Whale PokÃ©mon,35,2,130,50,320,water,,130,3
Wailord,"['Water Veil', 'Oblivious', 'Pressure']",90,60,Float Whale PokÃ©mon,45,14.5,170,50,321,water,,398,3
Numel,"['Oblivious', 'Simple', 'Own Tempo']",60,255,Numb PokÃ©mon,40,0.7,60,50,322,fire,ground,24,3
Camerupt,"['Magma Armor', 'Solid Rock', 'Anger Point']",120,150,Eruption PokÃ©mon,100,1.9,70,50,323,fire,ground,220,3
Torkoal,"['White Smoke', 'Drought', 'Shell Armor']",85,90,Coal PokÃ©mon,140,0.5,70,50,324,fire,,80.4,3
Spoink,"['Thick Fat', 'Own Tempo', 'Gluttony']",25,255,Bounce PokÃ©mon,35,0.7,60,50,325,psychic,,30.6,3
Grumpig,"['Thick Fat', 'Own Tempo', 'Gluttony']",45,60,Manipulate PokÃ©mon,65,0.9,80,50,326,psychic,,71.5,3
Spinda,"['Own Tempo', 'Tangled Feet', 'Contrary']",60,255,Spot Panda PokÃ©mon,60,1.1,60,50,327,normal,,5,3
Trapinch,"['Hyper Cutter', 'Arena Trap', 'Sheer Force']",100,255,Ant Pit PokÃ©mon,45,0.7,45,50,328,ground,,15,3
Vibrava,['Levitate'],70,120,Vibration PokÃ©mon,50,1.1,50,50,329,ground,dragon,15.3,3
Flygon,['Levitate'],100,45,Mystic PokÃ©mon,80,2,80,50,330,ground,dragon,82,3
Cacnea,"['Sand Veil', 'Water Absorb']",85,190,Cactus PokÃ©mon,40,0.4,50,50,331,grass,,51.3,3
Cacturne,"['Sand Veil', 'Water Absorb']",115,60,Scarecrow PokÃ©mon,60,1.3,70,50,332,grass,dark,77.4,3
Swablu,"['Natural Cure', 'Cloud Nine']",40,255,Cotton Bird PokÃ©mon,60,0.4,45,50,333,normal,flying,1.2,3
Altaria,"['Natural Cure', 'Cloud Nine']",110,45,Humming PokÃ©mon,110,1.1,75,50,334,dragon,flying,20.6,3
Zangoose,"['Immunity', 'Toxic Boost']",115,90,Cat Ferret PokÃ©mon,60,1.3,73,50,335,normal,,40.3,3
Seviper,"['Shed Skin', 'Infiltrator']",100,90,Fang Snake PokÃ©mon,60,2.7,73,50,336,poison,,52.5,3
Lunatone,['Levitate'],55,45,Meteorite PokÃ©mon,65,1,90,,337,rock,psychic,168,3
Solrock,['Levitate'],95,45,Meteorite PokÃ©mon,85,1.2,90,,338,rock,psychic,154,3
Barboach,"['Oblivious', 'Anticipation', 'Hydration']",48,190,Whiskers PokÃ©mon,43,0.4,50,50,339,water,ground,1.9,3
Whiscash,"['Oblivious', 'Anticipation', 'Hydration']",78,75,Whiskers PokÃ©mon,73,0.9,110,50,340,water,ground,23.6,3
Corphish,"['Hyper Cutter', 'Shell Armor', 'Adaptability']",80,205,Ruffian PokÃ©mon,65,0.6,43,50,341,water,,11.5,3
Crawdaunt,"['Hyper Cutter', 'Shell Armor', 'Adaptability']",120,155,Rogue PokÃ©mon,85,1.1,63,50,342,water,dark,32.8,3
Baltoy,['Levitate'],40,255,Clay Doll PokÃ©mon,55,0.5,40,,343,ground,psychic,21.5,3
Claydol,['Levitate'],70,90,Clay Doll PokÃ©mon,105,1.5,60,,344,ground,psychic,108,3
Lileep,"['Suction Cups', 'Storm Drain']",41,45,Sea Lily PokÃ©mon,77,1,66,88.1,345,rock,grass,23.8,3
Cradily,"['Suction Cups', 'Storm Drain']",81,45,Barnacle PokÃ©mon,97,1.5,86,88.1,346,rock,grass,60.4,3
Anorith,"['Battle Armor', 'Swift Swim']",95,45,Old Shrimp PokÃ©mon,50,0.7,45,88.1,347,rock,bug,12.5,3
Armaldo,"['Battle Armor', 'Swift Swim']",125,45,Plate PokÃ©mon,100,1.5,75,88.1,348,rock,bug,68.2,3
Feebas,"['Swift Swim', 'Oblivious', 'Adaptability']",15,255,Fish PokÃ©mon,20,0.6,20,50,349,water,,7.4,3
Milotic,"['Marvel Scale', 'Competitive', 'Cute Charm']",60,60,Tender PokÃ©mon,79,6.2,95,50,350,water,,162,3
Castform,['Forecast'],70,45,Weather PokÃ©mon,70,0.3,70,50,351,normal,,0.8,3
Kecleon,"['Color Change', 'Protean']",90,200,Color Swap PokÃ©mon,70,1,60,50,352,normal,,22,3
Shuppet,"['Insomnia', 'Frisk', 'Cursed Body']",75,225,Puppet PokÃ©mon,35,0.6,44,50,353,ghost,,2.3,3
Banette,"['Insomnia', 'Frisk', 'Cursed Body']",165,45,Marionette PokÃ©mon,75,1.1,64,50,354,ghost,,12.5,3
Duskull,"['Levitate', 'Frisk']",40,190,Requiem PokÃ©mon,90,0.8,20,50,355,ghost,,15,3
Dusclops,"['Pressure', 'Frisk']",70,90,Beckon PokÃ©mon,130,1.6,40,50,356,ghost,,30.6,3
Tropius,"['Chlorophyll', 'Solar Power', 'Harvest']",68,200,Fruit PokÃ©mon,83,2,99,50,357,grass,flying,100,3
Chimecho,['Levitate'],50,45,Wind Chime PokÃ©mon,80,0.6,75,50,358,psychic,,1,3
Absol,"['Pressure', 'Super Luck', 'Justified']",150,30,Disaster PokÃ©mon,60,1.2,65,50,359,dark,,47,3
Wynaut,"['Shadow Tag', 'Telepathy']",23,125,Bright PokÃ©mon,48,0.6,95,50,360,psychic,,14,3
Snorunt,"['Inner Focus', 'Ice Body', 'Moody']",50,190,Snow Hat PokÃ©mon,50,0.7,50,50,361,ice,,16.8,3
Glalie,"['Inner Focus', 'Ice Body', 'Moody']",120,75,Face PokÃ©mon,80,1.5,80,50,362,ice,,256.5,3
Spheal,"['Thick Fat', 'Ice Body', 'Oblivious']",40,255,Clap PokÃ©mon,50,0.8,70,50,363,ice,water,39.5,3
Sealeo,"['Thick Fat', 'Ice Body', 'Oblivious']",60,120,Ball Roll PokÃ©mon,70,1.1,90,50,364,ice,water,87.6,3
Walrein,"['Thick Fat', 'Ice Body', 'Oblivious']",80,45,Ice Break PokÃ©mon,90,1.4,110,50,365,ice,water,150.6,3
Clamperl,"['Shell Armor', 'Rattled']",64,255,Bivalve PokÃ©mon,85,0.4,35,50,366,water,,52.5,3
Huntail,"['Swift Swim', 'Water Veil']",104,60,Deep Sea PokÃ©mon,105,1.7,55,50,367,water,,27,3
Gorebyss,"['Swift Swim', 'Hydration']",84,60,South Sea PokÃ©mon,105,1.8,55,50,368,water,,22.6,3
Relicanth,"['Swift Swim', 'Rock Head', 'Sturdy']",90,25,Longevity PokÃ©mon,130,1,100,88.1,369,water,rock,23.4,3
Luvdisc,"['Swift Swim', 'Hydration']",30,225,Rendezvous PokÃ©mon,55,0.6,43,24.6,370,water,,8.7,3
Bagon,"['Rock Head', 'Sheer Force']",75,45,Rock Head PokÃ©mon,60,0.6,45,50,371,dragon,,42.1,3
Shelgon,"['Rock Head', 'Overcoat']",95,45,Endurance PokÃ©mon,100,1.1,65,50,372,dragon,,110.5,3
Salamence,"['Intimidate', 'Moxie']",145,45,Dragon PokÃ©mon,130,1.5,95,50,373,dragon,flying,102.6,3
Beldum,"['Clear Body', 'Light Metal']",55,3,Iron Ball PokÃ©mon,80,0.6,40,,374,steel,psychic,95.2,3
Metang,"['Clear Body', 'Light Metal']",75,3,Iron Claw PokÃ©mon,100,1.2,60,,375,steel,psychic,202.5,3
Metagross,"['Clear Body', 'Light Metal']",145,3,Iron Leg PokÃ©mon,150,1.6,80,,376,steel,psychic,550,3
Regirock,"['Clear Body', 'Sturdy']",100,3,Rock Peak PokÃ©mon,200,1.7,80,,377,rock,,230,3
Regice,"['Clear Body', 'Ice Body']",50,3,Iceberg PokÃ©mon,100,1.8,80,,378,ice,,175,3
Registeel,"['Clear Body', 'Light Metal']",75,3,Iron PokÃ©mon,150,1.9,80,,379,steel,,205,3
Latias,['Levitate'],100,3,Eon PokÃ©mon,120,1.4,80,0,380,dragon,psychic,40,3
Latios,['Levitate'],130,3,Eon PokÃ©mon,100,2,80,100,381,dragon,psychic,60,3
Kyogre,['Drizzle'],150,3,Sea Basin PokÃ©mon,90,4.5,100,,382,water,,352,3
Groudon,['Drought'],180,3,Continent PokÃ©mon,160,3.5,100,,383,ground,,950,3
Rayquaza,['Air Lock'],180,45,Sky High PokÃ©mon,100,7,105,,384,dragon,flying,206.5,3
Jirachi,['Serene Grace'],100,3,Wish PokÃ©mon,100,0.3,100,,385,steel,psychic,1.1,3
Deoxys,['Pressure'],95,3,DNA PokÃ©mon,90,1.7,50,,386,psychic,,60.8,3
Turtwig,"['Overgrow', 'Shell Armor']",68,45,Tiny Leaf PokÃ©mon,64,0.4,55,88.1,387,grass,,10.2,4
Grotle,"['Overgrow', 'Shell Armor']",89,45,Grove PokÃ©mon,85,1.1,75,88.1,388,grass,,97,4
Torterra,"['Overgrow', 'Shell Armor']",109,45,Continent PokÃ©mon,105,2.2,95,88.1,389,grass,ground,310,4
Chimchar,"['Blaze', 'Iron Fist']",58,45,Chimp PokÃ©mon,44,0.5,44,88.1,390,fire,,6.2,4
Monferno,"['Blaze', 'Iron Fist']",78,45,Playful PokÃ©mon,52,0.9,64,88.1,391,fire,fighting,22,4
Infernape,"['Blaze', 'Iron Fist']",104,45,Flame PokÃ©mon,71,1.2,76,88.1,392,fire,fighting,55,4
Piplup,"['Torrent', 'Defiant']",51,45,Penguin PokÃ©mon,53,0.4,53,88.1,393,water,,5.2,4
Prinplup,"['Torrent', 'Defiant']",66,45,Penguin PokÃ©mon,68,0.8,64,88.1,394,water,,23,4
Empoleon,"['Torrent', 'Defiant']",86,45,Emperor PokÃ©mon,88,1.7,84,88.1,395,water,steel,84.5,4
Starly,"['Keen Eye', 'Reckless']",55,255,Starling PokÃ©mon,30,0.3,40,50,396,normal,flying,2,4
Staravia,"['Intimidate', 'Reckless']",75,120,Starling PokÃ©mon,50,0.6,55,50,397,normal,flying,15.5,4
Staraptor,"['Intimidate', 'Reckless']",120,45,Predator PokÃ©mon,70,1.2,85,50,398,normal,flying,24.9,4
Bidoof,"['Simple', 'Unaware', 'Moody']",45,255,Plump Mouse PokÃ©mon,40,0.5,59,50,399,normal,,20,4
Bibarel,"['Simple', 'Unaware', 'Moody']",85,127,Beaver PokÃ©mon,60,1,79,50,400,normal,water,31.5,4
Kricketot,"['Shed Skin', 'Run Away']",25,255,Cricket PokÃ©mon,41,0.3,37,50,401,bug,,2.2,4
Kricketune,"['Swarm', 'Technician']",85,45,Cricket PokÃ©mon,51,1,77,50,402,bug,,25.5,4
Shinx,"['Rivalry', 'Intimidate', 'Guts']",65,235,Flash PokÃ©mon,34,0.5,45,50,403,electric,,9.5,4
Luxio,"['Rivalry', 'Intimidate', 'Guts']",85,120,Spark PokÃ©mon,49,0.9,60,50,404,electric,,30.5,4
Luxray,"['Rivalry', 'Intimidate', 'Guts']",120,45,Gleam Eyes PokÃ©mon,79,1.4,80,50,405,electric,,42,4
Budew,"['Natural Cure', 'Poison Point', 'Leaf Guard']",30,255,Bud PokÃ©mon,35,0.2,40,50,406,grass,poison,1.2,4
Roserade,"['Natural Cure', 'Poison Point', 'Technician']",70,75,Bouquet PokÃ©mon,65,0.9,60,50,407,grass,poison,14.5,4
Cranidos,"['Mold Breaker', 'Sheer Force']",125,45,Head Butt PokÃ©mon,40,0.9,67,88.1,408,rock,,31.5,4
Rampardos,"['Mold Breaker', 'Sheer Force']",165,45,Head Butt PokÃ©mon,60,1.6,97,88.1,409,rock,,102.5,4
Shieldon,"['Sturdy', 'Soundproof']",42,45,Shield PokÃ©mon,118,0.5,30,88.1,410,rock,steel,57,4
Bastiodon,"['Sturdy', 'Soundproof']",52,45,Shield PokÃ©mon,168,1.3,60,88.1,411,rock,steel,149.5,4
Burmy,"['Shed Skin', 'Overcoat']",29,120,Bagworm PokÃ©mon,45,0.2,40,50,412,bug,,3.4,4
Wormadam,"['Anticipation', 'Overcoat']",69,45,Bagworm PokÃ©mon,95,0.5,60,0,413,bug,grass,6.5,4
Mothim,"['Swarm', 'Tinted Lens']",94,45,Moth PokÃ©mon,50,0.9,70,100,414,bug,flying,23.3,4
Combee,"['Honey Gather', 'Hustle']",30,120,Tiny Bee PokÃ©mon,42,0.3,30,88.1,415,bug,flying,5.5,4
Vespiquen,"['Pressure', 'Unnerve']",80,45,Beehive PokÃ©mon,102,1.2,70,0,416,bug,flying,38.5,4
Pachirisu,"['Run Away', 'Pickup', 'Volt Absorb']",45,200,EleSquirrel PokÃ©mon,70,0.4,60,50,417,electric,,3.9,4
Buizel,"['Swift Swim', 'Water Veil']",65,190,Sea Weasel PokÃ©mon,35,0.7,55,50,418,water,,29.5,4
Floatzel,"['Swift Swim', 'Water Veil']",105,75,Sea Weasel PokÃ©mon,55,1.1,85,50,419,water,,33.5,4
Cherubi,['Chlorophyll'],35,190,Cherry PokÃ©mon,45,0.4,45,50,420,grass,,3.3,4
Cherrim,['Flower Gift'],60,75,Blossom PokÃ©mon,70,0.5,70,50,421,grass,,9.3,4
Shellos,"['Sticky Hold', 'Storm Drain', 'Sand Force']",48,190,Sea Slug PokÃ©mon,48,0.3,76,50,422,water,,6.3,4
Gastrodon,"['Sticky Hold', 'Storm Drain', 'Sand Force']",83,75,Sea Slug PokÃ©mon,68,0.9,111,50,423,water,ground,29.9,4
Ambipom,"['Technician', 'Pickup', 'Skill Link']",100,45,Long Tail PokÃ©mon,66,1.2,75,50,424,normal,,20.3,4
Drifloon,"['Aftermath', 'Unburden', 'Flare Boost']",50,125,Balloon PokÃ©mon,34,0.4,90,50,425,ghost,flying,1.2,4
Drifblim,"['Aftermath', 'Unburden', 'Flare Boost']",80,60,Blimp PokÃ©mon,44,1.2,150,50,426,ghost,flying,15,4
Buneary,"['Run Away', 'Klutz', 'Limber']",66,190,Rabbit PokÃ©mon,44,0.4,55,50,427,normal,,5.5,4
Lopunny,"['Cute Charm', 'Klutz', 'Limber']",136,60,Rabbit PokÃ©mon,94,1.2,65,50,428,normal,,33.3,4
Mismagius,['Levitate'],60,45,Magical PokÃ©mon,60,0.9,60,50,429,ghost,,4.4,4
Honchkrow,"['Insomnia', 'Super Luck', 'Moxie']",125,30,Big Boss PokÃ©mon,52,0.9,100,50,430,dark,flying,27.3,4
Glameow,"['Limber', 'Own Tempo', 'Keen Eye']",55,190,Catty PokÃ©mon,42,0.5,49,24.6,431,normal,,3.9,4
Purugly,"['Thick Fat', 'Own Tempo', 'Defiant']",82,75,Tiger Cat PokÃ©mon,64,1,71,24.6,432,normal,,43.8,4
Chingling,['Levitate'],30,120,Bell PokÃ©mon,50,0.2,45,50,433,psychic,,0.6,4
Stunky,"['Stench', 'Aftermath', 'Keen Eye']",63,225,Skunk PokÃ©mon,47,0.4,63,50,434,poison,dark,19.2,4
Skuntank,"['Stench', 'Aftermath', 'Keen Eye']",93,60,Skunk PokÃ©mon,67,1,103,50,435,poison,dark,38,4
Bronzor,"['Levitate', 'Heatproof', 'Heavy Metal']",24,255,Bronze PokÃ©mon,86,0.5,57,,436,steel,psychic,60.5,4
Bronzong,"['Levitate', 'Heatproof', 'Heavy Metal']",89,90,Bronze Bell PokÃ©mon,116,1.3,67,,437,steel,psychic,187,4
Bonsly,"['Sturdy', 'Rock Head', 'Rattled']",80,255,Bonsai PokÃ©mon,95,0.5,50,50,438,rock,,15,4
Mime Jr.,"['Soundproof', 'Filter', 'Technician']",25,145,Mime PokÃ©mon,45,0.6,20,50,439,psychic,fairy,13,4
Happiny,"['Natural Cure', 'Serene Grace', 'Friend Guard']",5,130,Playhouse PokÃ©mon,5,0.6,100,0,440,normal,,24.4,4
Chatot,"['Keen Eye', 'Tangled Feet', 'Big Pecks']",65,30,Music Note PokÃ©mon,45,0.5,76,50,441,normal,flying,1.9,4
Spiritomb,"['Pressure', 'Infiltrator']",92,100,Forbidden PokÃ©mon,108,1,50,50,442,ghost,dark,108,4
Gible,"['Sand Veil', 'Rough Skin']",70,45,Land Shark PokÃ©mon,45,0.7,58,50,443,dragon,ground,20.5,4
Gabite,"['Sand Veil', 'Rough Skin']",90,45,Cave PokÃ©mon,65,1.4,68,50,444,dragon,ground,56,4
Garchomp,"['Sand Veil', 'Rough Skin']",170,45,Mach PokÃ©mon,115,1.9,108,50,445,dragon,ground,95,4
Munchlax,"['Pickup', 'Thick Fat', 'Gluttony']",85,50,Big Eater PokÃ©mon,40,0.6,135,88.1,446,normal,,105,4
Riolu,"['Steadfast', 'Inner Focus', 'Prankster']",70,75,Emanation PokÃ©mon,40,0.7,40,88.1,447,fighting,,20.2,4
Lucario,"['Steadfast', 'Inner Focus', 'Justified']",145,45,Aura PokÃ©mon,88,1.2,70,88.1,448,fighting,steel,54,4
Hippopotas,"['Sand Stream', 'Sand Force']",72,140,Hippo PokÃ©mon,78,0.8,68,50,449,ground,,49.5,4
Hippowdon,"['Sand Stream', 'Sand Force']",112,60,Heavyweight PokÃ©mon,118,2,108,50,450,ground,,300,4
Skorupi,"['Battle Armor', 'Sniper', 'Keen Eye']",50,120,Scorpion PokÃ©mon,90,0.8,40,50,451,poison,bug,12,4
Drapion,"['Battle Armor', 'Sniper', 'Keen Eye']",90,45,Ogre Scorp PokÃ©mon,110,1.3,70,50,452,poison,dark,61.5,4
Croagunk,"['Anticipation', 'Dry Skin', 'Poison Touch']",61,140,Toxic Mouth PokÃ©mon,40,0.7,48,50,453,poison,fighting,23,4
Toxicroak,"['Anticipation', 'Dry Skin', 'Poison Touch']",106,75,Toxic Mouth PokÃ©mon,65,1.3,83,50,454,poison,fighting,44.4,4
Carnivine,['Levitate'],100,200,Bug Catcher PokÃ©mon,72,1.4,74,50,455,grass,,27,4
Finneon,"['Swift Swim', 'Storm Drain', 'Water Veil']",49,190,Wing Fish PokÃ©mon,56,0.4,49,50,456,water,,7,4
Lumineon,"['Swift Swim', 'Storm Drain', 'Water Veil']",69,75,Neon PokÃ©mon,76,1.2,69,50,457,water,,24,4
Mantyke,"['Swift Swim', 'Water Absorb', 'Water Veil']",20,25,Kite PokÃ©mon,50,1,45,50,458,water,flying,65,4
Snover,"['Snow Warning', 'Soundproof']",62,120,Frosted Tree PokÃ©mon,50,1,60,50,459,grass,ice,50.5,4
Abomasnow,"['Snow Warning', 'Soundproof']",132,60,Frosted Tree PokÃ©mon,105,2.2,90,50,460,grass,ice,135.5,4
Weavile,"['Pressure', 'Pickpocket']",120,45,Sharp Claw PokÃ©mon,65,1.1,70,50,461,dark,ice,34,4
Magnezone,"['Magnet Pull', 'Sturdy', 'Analytic']",70,30,Magnet Area PokÃ©mon,115,1.2,70,,462,electric,steel,180,4
Lickilicky,"['Own Tempo', 'Oblivious', 'Cloud Nine']",85,30,Licking PokÃ©mon,95,1.7,110,50,463,normal,,140,4
Rhyperior,"['Lightningrod', 'Solid Rock', 'Reckless']",140,30,Drill PokÃ©mon,130,2.4,115,50,464,ground,rock,282.8,4
Tangrowth,"['Chlorophyll', 'Leaf Guard', 'Regenerator']",100,30,Vine PokÃ©mon,125,2,100,50,465,grass,,128.6,4
Electivire,"['Motor Drive', 'Vital Spirit']",123,30,Thunderbolt PokÃ©mon,67,1.8,75,75.4,466,electric,,138.6,4
Magmortar,"['Flame Body', 'Vital Spirit']",95,30,Blast PokÃ©mon,67,1.6,75,75.4,467,fire,,68,4
Togekiss,"['Hustle', 'Serene Grace', 'Super Luck']",50,30,Jubilee PokÃ©mon,95,1.5,85,88.1,468,fairy,flying,38,4
Yanmega,"['Speed Boost', 'Tinted Lens', 'Frisk']",76,30,Ogre Darner PokÃ©mon,86,1.9,86,50,469,bug,flying,51.5,4
Leafeon,"['Leaf Guard', 'Chlorophyll']",110,45,Verdant PokÃ©mon,130,1,65,88.1,470,grass,,25.5,4
Glaceon,"['Snow Cloak', 'Ice Body']",60,45,Fresh Snow PokÃ©mon,110,0.8,65,88.1,471,ice,,25.9,4
Gliscor,"['Hyper Cutter', 'Sand Veil', 'Poison Heal']",95,30,Fang Scorp PokÃ©mon,125,2,75,50,472,ground,flying,42.5,4
Mamoswine,"['Oblivious', 'Snow Cloak', 'Thick Fat']",130,50,Twin Tusk PokÃ©mon,80,2.5,110,50,473,ice,ground,291,4
Porygon-Z,"['Adaptability', 'Download', 'Analytic']",80,30,Virtual PokÃ©mon,70,0.9,85,,474,normal,,34,4
Gallade,"['Steadfast', 'Justified']",165,45,Blade PokÃ©mon,95,1.6,68,100,475,psychic,fighting,52,4
Probopass,"['Sturdy', 'Magnet Pull', 'Sand Force']",55,60,Compass PokÃ©mon,145,1.4,60,50,476,rock,steel,340,4
Dusknoir,"['Pressure', 'Frisk']",100,45,Gripper PokÃ©mon,135,2.2,45,50,477,ghost,,106.6,4
Froslass,"['Snow Cloak', 'Cursed Body']",80,75,Snow Land PokÃ©mon,70,1.3,70,0,478,ice,ghost,26.6,4
Rotom,['Levitate'],65,45,Plasma PokÃ©mon,107,0.3,50,,479,electric,ghost,0.3,4
Uxie,['Levitate'],75,3,Knowledge PokÃ©mon,130,0.3,75,,480,psychic,,0.3,4
Mesprit,['Levitate'],105,3,Emotion PokÃ©mon,105,0.3,80,,481,psychic,,0.3,4
Azelf,['Levitate'],125,3,Willpower PokÃ©mon,70,0.3,75,,482,psychic,,0.3,4
Dialga,"['Pressure', 'Telepathy']",120,3,Temporal PokÃ©mon,120,5.4,100,,483,steel,dragon,683,4
Palkia,"['Pressure', 'Telepathy']",120,3,Spatial PokÃ©mon,100,4.2,90,,484,water,dragon,336,4
Heatran,"['Flash Fire', 'Flame Body']",90,3,Lava Dome PokÃ©mon,106,1.7,91,50,485,fire,steel,430,4
Regigigas,['Slow Start'],160,3,Colossal PokÃ©mon,110,3.7,110,,486,normal,,420,4
Giratina,"['Pressure', 'Telepathy', 'Levitate']",120,3,Renegade PokÃ©mon,100,4.5,150,,487,ghost,dragon,750,4
Cresselia,['Levitate'],70,3,Lunar PokÃ©mon,120,1.5,120,0,488,psychic,,85.6,4
Phione,['Hydration'],80,30,Sea Drifter PokÃ©mon,80,0.4,80,,489,water,,3.1,4
Manaphy,['Hydration'],100,3,Seafaring PokÃ©mon,100,0.3,100,,490,water,,1.4,4
Darkrai,['Bad Dreams'],90,3,Pitch-Black PokÃ©mon,90,1.5,70,,491,dark,,50.5,4
Shaymin,"['Natural Cure', 'Serene Grace']",103,45,Gratitude PokÃ©mon,75,0.2,100,,492,grass,grass,2.1,4
Arceus,['Multitype'],120,3,Alpha PokÃ©mon,120,3.2,120,,493,normal,,320,4
Victini,['Victory Star'],100,3,Victory PokÃ©mon,100,0.4,100,,494,psychic,fire,4,5
Snivy,"['Overgrow', 'Contrary']",45,45,Grass Snake PokÃ©mon,55,0.6,45,88.1,495,grass,,8.1,5
Servine,"['Overgrow', 'Contrary']",60,45,Grass Snake PokÃ©mon,75,0.8,60,88.1,496,grass,,16,5
Serperior,"['Overgrow', 'Contrary']",75,45,Regal PokÃ©mon,95,3.3,75,88.1,497,grass,,63,5
Tepig,"['Blaze', 'Thick Fat']",63,45,Fire Pig PokÃ©mon,45,0.5,65,88.1,498,fire,,9.9,5
Pignite,"['Blaze', 'Thick Fat']",93,45,Fire Pig PokÃ©mon,55,1,90,88.1,499,fire,fighting,55.5,5
Emboar,"['Blaze', 'Reckless']",123,45,Mega Fire Pig PokÃ©mon,65,1.6,110,88.1,500,fire,fighting,150,5
Oshawott,"['Torrent', 'Shell Armor']",55,45,Sea Otter PokÃ©mon,45,0.5,55,88.1,501,water,,5.9,5
Dewott,"['Torrent', 'Shell Armor']",75,45,Discipline PokÃ©mon,60,0.8,75,88.1,502,water,,24.5,5
Samurott,"['Torrent', 'Shell Armor']",100,45,Formidable PokÃ©mon,85,1.5,95,88.1,503,water,,94.6,5
Patrat,"['Run Away', 'Keen Eye', 'Analytic']",55,255,Scout PokÃ©mon,39,0.5,45,50,504,normal,,11.6,5
Watchog,"['Illuminate', 'Keen Eye', 'Analytic']",85,255,Lookout PokÃ©mon,69,1.1,60,50,505,normal,,27,5
Lillipup,"['Vital Spirit', 'Pickup', 'Run Away']",60,255,Puppy PokÃ©mon,45,0.4,45,50,506,normal,,4.1,5
Herdier,"['Intimidate', 'Sand Rush', 'Scrappy']",80,120,Loyal Dog PokÃ©mon,65,0.9,65,50,507,normal,,14.7,5
Stoutland,"['Intimidate', 'Sand Rush', 'Scrappy']",110,45,Big-Hearted PokÃ©mon,90,1.2,85,50,508,normal,,61,5
Purrloin,"['Limber', 'Unburden', 'Prankster']",50,255,Devious PokÃ©mon,37,0.4,41,50,509,dark,,10.1,5
Liepard,"['Limber', 'Unburden', 'Prankster']",88,90,Cruel PokÃ©mon,50,1.1,64,50,510,dark,,37.5,5
Pansage,"['Gluttony', 'Overgrow']",53,190,Grass Monkey PokÃ©mon,48,0.6,50,88.1,511,grass,,10.5,5
Simisage,"['Gluttony', 'Overgrow']",98,75,Thorn Monkey PokÃ©mon,63,1.1,75,88.1,512,grass,,30.5,5
Pansear,"['Gluttony', 'Blaze']",53,190,High Temp PokÃ©mon,48,0.6,50,88.1,513,fire,,11,5
Simisear,"['Gluttony', 'Blaze']",98,75,Ember PokÃ©mon,63,1,75,88.1,514,fire,,28,5
Panpour,"['Gluttony', 'Torrent']",53,190,Spray PokÃ©mon,48,0.6,50,88.1,515,water,,13.5,5
Simipour,"['Gluttony', 'Torrent']",98,75,Geyser PokÃ©mon,63,1,75,88.1,516,water,,29,5
Munna,"['Forewarn', 'Synchronize', 'Telepathy']",25,190,Dream Eater PokÃ©mon,45,0.6,76,50,517,psychic,,23.3,5
Musharna,"['Forewarn', 'Synchronize', 'Telepathy']",55,75,Drowsing PokÃ©mon,85,1.1,116,50,518,psychic,,60.5,5
Pidove,"['Big Pecks', 'Super Luck', 'Rivalry']",55,255,Tiny Pigeon PokÃ©mon,50,0.3,50,50,519,normal,flying,2.1,5
Tranquill,"['Big Pecks', 'Super Luck', 'Rivalry']",77,120,Wild Pigeon PokÃ©mon,62,0.6,62,50,520,normal,flying,15,5
Unfezant,"['Big Pecks', 'Super Luck', 'Rivalry']",115,45,Proud PokÃ©mon,80,1.2,80,50,521,normal,flying,29,5
Blitzle,"['Lightningrod', 'Motor Drive', 'Sap Sipper']",60,190,Electrified PokÃ©mon,32,0.8,45,50,522,electric,,29.8,5
Zebstrika,"['Lightningrod', 'Motor Drive', 'Sap Sipper']",100,75,Thunderbolt PokÃ©mon,63,1.6,75,50,523,electric,,79.5,5
Roggenrola,"['Sturdy', 'Weak Armor', 'Sand Force']",75,255,Mantle PokÃ©mon,85,0.4,55,50,524,rock,,18,5
Boldore,"['Sturdy', 'Weak Armor', 'Sand Force']",105,120,Ore PokÃ©mon,105,0.9,70,50,525,rock,,102,5
Gigalith,"['Sturdy', 'Sand Stream', 'Sand Force']",135,45,Compressed PokÃ©mon,130,1.7,85,50,526,rock,,260,5
Woobat,"['Unaware', 'Klutz', 'Simple']",45,190,Bat PokÃ©mon,43,0.4,65,50,527,psychic,flying,2.1,5
Swoobat,"['Unaware', 'Klutz', 'Simple']",57,45,Courting PokÃ©mon,55,0.9,67,50,528,psychic,flying,10.5,5
Drilbur,"['Sand Rush', 'Sand Force', 'Mold Breaker']",85,120,Mole PokÃ©mon,40,0.3,60,50,529,ground,,8.5,5
Excadrill,"['Sand Rush', 'Sand Force', 'Mold Breaker']",135,60,Subterrene PokÃ©mon,60,0.7,110,50,530,ground,steel,40.4,5
Audino,"['Healer', 'Regenerator', 'Klutz']",60,255,Hearing PokÃ©mon,126,1.1,103,50,531,normal,,31,5
Timburr,"['Guts', 'Sheer Force', 'Iron Fist']",80,180,Muscular PokÃ©mon,55,0.6,75,75.4,532,fighting,,12.5,5
Gurdurr,"['Guts', 'Sheer Force', 'Iron Fist']",105,90,Muscular PokÃ©mon,85,1.2,85,75.4,533,fighting,,40,5
Conkeldurr,"['Guts', 'Sheer Force', 'Iron Fist']",140,45,Muscular PokÃ©mon,95,1.4,105,75.4,534,fighting,,87,5
Tympole,"['Swift Swim', 'Hydration', 'Water Absorb']",50,255,Tadpole PokÃ©mon,40,0.5,50,50,535,water,,4.5,5
Palpitoad,"['Swift Swim', 'Hydration', 'Water Absorb']",65,120,Vibration PokÃ©mon,55,0.8,75,50,536,water,ground,17,5
Seismitoad,"['Swift Swim', 'Poison Touch', 'Water Absorb']",95,45,Vibration PokÃ©mon,75,1.5,105,50,537,water,ground,62,5
Throh,"['Guts', 'Inner Focus', 'Mold Breaker']",100,45,Judo PokÃ©mon,85,1.3,120,100,538,fighting,,55.5,5
Sawk,"['Sturdy', 'Inner Focus', 'Mold Breaker']",125,45,Karate PokÃ©mon,75,1.4,75,100,539,fighting,,51,5
Sewaddle,"['Swarm', 'Chlorophyll', 'Overcoat']",53,255,Sewing PokÃ©mon,70,0.3,45,50,540,bug,grass,2.5,5
Swadloon,"['Leaf Guard', 'Chlorophyll', 'Overcoat']",63,120,Leaf-Wrapped PokÃ©mon,90,0.5,55,50,541,bug,grass,7.3,5
Leavanny,"['Swarm', 'Chlorophyll', 'Overcoat']",103,45,Nurturing PokÃ©mon,80,1.2,75,50,542,bug,grass,20.5,5
Venipede,"['Poison Point', 'Swarm', 'Speed Boost']",45,255,Centipede PokÃ©mon,59,0.4,30,50,543,bug,poison,5.3,5
Whirlipede,"['Poison Point', 'Swarm', 'Speed Boost']",55,120,Curlipede PokÃ©mon,99,1.2,40,50,544,bug,poison,58.5,5
Scolipede,"['Poison Point', 'Swarm', 'Speed Boost']",100,45,Megapede PokÃ©mon,89,2.5,60,50,545,bug,poison,200.5,5
Cottonee,"['Prankster', 'Infiltrator', 'Chlorophyll']",27,190,Cotton Puff PokÃ©mon,60,0.3,40,50,546,grass,fairy,0.6,5
Whimsicott,"['Prankster', 'Infiltrator', 'Chlorophyll']",67,75,Windveiled PokÃ©mon,85,0.7,60,50,547,grass,fairy,6.6,5
Petilil,"['Chlorophyll', 'Own Tempo', 'Leaf Guard']",35,190,Bulb PokÃ©mon,50,0.5,45,0,548,grass,,6.6,5
Lilligant,"['Chlorophyll', 'Own Tempo', 'Leaf Guard']",60,75,Flowering PokÃ©mon,75,1.1,70,0,549,grass,,16.3,5
Basculin,"['Reckless', 'Rock Head', 'Adaptability', 'Mold Breaker']",92,25,Hostile PokÃ©mon,65,1,70,50,550,water,,18,5
Sandile,"['Intimidate', 'Moxie', 'Anger Point']",72,180,Desert Croc PokÃ©mon,35,0.7,50,50,551,ground,dark,15.2,5
Krokorok,"['Intimidate', 'Moxie', 'Anger Point']",82,90,Desert Croc PokÃ©mon,45,1,60,50,552,ground,dark,33.4,5
Krookodile,"['Intimidate', 'Moxie', 'Anger Point']",117,45,Intimidation PokÃ©mon,80,1.5,95,50,553,ground,dark,96.3,5
Darumaka,"['Hustle', 'Inner Focus']",90,120,Zen Charm PokÃ©mon,45,0.6,70,50,554,fire,,37.5,5
Darmanitan,"['Sheer Force', 'Zen Mode']",30,60,Blazing PokÃ©mon,105,1.3,105,50,555,fire,fire,92.9,5
Maractus,"['Water Absorb', 'Chlorophyll', 'Storm Drain']",86,255,Cactus PokÃ©mon,67,1,75,50,556,grass,,28,5
Dwebble,"['Sturdy', 'Shell Armor', 'Weak Armor']",65,190,Rock Inn PokÃ©mon,85,0.3,50,50,557,bug,rock,14.5,5
Crustle,"['Sturdy', 'Shell Armor', 'Weak Armor']",105,75,Stone Home PokÃ©mon,125,1.4,70,50,558,bug,rock,200,5
Scraggy,"['Shed Skin', 'Moxie', 'Intimidate']",75,180,Shedding PokÃ©mon,70,0.6,50,50,559,dark,fighting,11.8,5
Scrafty,"['Shed Skin', 'Moxie', 'Intimidate']",90,90,Hoodlum PokÃ©mon,115,1.1,65,50,560,dark,fighting,30,5
Sigilyph,"['Wonder Skin ', 'Magic Guard', 'Tinted Lens']",58,45,Avianoid PokÃ©mon,80,1.4,72,50,561,psychic,flying,14,5
Yamask,['Mummy'],30,190,Spirit PokÃ©mon,85,0.5,38,50,562,ghost,,1.5,5
Cofagrigus,['Mummy'],50,90,Coffin PokÃ©mon,145,1.7,58,50,563,ghost,,76.5,5
Tirtouga,"['Solid Rock', 'Sturdy', 'Swift Swim']",78,45,Prototurtle PokÃ©mon,103,0.7,54,88.1,564,water,rock,16.5,5
Carracosta,"['Solid Rock', 'Sturdy', 'Swift Swim']",108,45,Prototurtle PokÃ©mon,133,1.2,74,88.1,565,water,rock,81,5
Archen,['Defeatist'],112,45,First Bird PokÃ©mon,45,0.5,55,88.1,566,rock,flying,9.5,5
Archeops,['Defeatist'],140,45,First Bird PokÃ©mon,65,1.4,75,88.1,567,rock,flying,32,5
Trubbish,"['Stench', 'Sticky Hold', 'Aftermath']",50,190,Trash Bag PokÃ©mon,62,0.6,50,50,568,poison,,31,5
Garbodor,"['Stench', 'Weak Armor', 'Aftermath']",95,60,Trash Heap PokÃ©mon,82,1.9,80,50,569,poison,,107.3,5
Zorua,['Illusion'],65,75,Tricky Fox PokÃ©mon,40,0.7,40,88.1,570,dark,,12.5,5
Zoroark,['Illusion'],105,45,Illusion Fox PokÃ©mon,60,1.6,60,88.1,571,dark,,81.1,5
Minccino,"['Cute Charm', 'Technician', 'Skill Link']",50,255,Chinchilla PokÃ©mon,40,0.4,55,24.6,572,normal,,5.8,5
Cinccino,"['Cute Charm', 'Technician', 'Skill Link']",95,60,Scarf PokÃ©mon,60,0.5,75,24.6,573,normal,,7.5,5
Gothita,"['Frisk', 'Competitive', 'Shadow Tag']",30,200,Fixation PokÃ©mon,50,0.4,45,24.6,574,psychic,,5.8,5
Gothorita,"['Frisk', 'Competitive', 'Shadow Tag']",45,100,Manipulate PokÃ©mon,70,0.7,60,24.6,575,psychic,,18,5
Gothitelle,"['Frisk', 'Competitive', 'Shadow Tag']",55,50,Astral Body PokÃ©mon,95,1.5,70,24.6,576,psychic,,44,5
Solosis,"['Overcoat', 'Magic Guard', 'Regenerator']",30,200,Cell PokÃ©mon,40,0.3,45,50,577,psychic,,1,5
Duosion,"['Overcoat', 'Magic Guard', 'Regenerator']",40,100,Mitosis PokÃ©mon,50,0.6,65,50,578,psychic,,8,5
Reuniclus,"['Overcoat', 'Magic Guard', 'Regenerator']",65,50,Multiplying PokÃ©mon,75,1,110,50,579,psychic,,20.1,5
Ducklett,"['Keen Eye', 'Big Pecks', 'Hydration']",44,190,Water Bird PokÃ©mon,50,0.5,62,50,580,water,flying,5.5,5
Swanna,"['Keen Eye', 'Big Pecks', 'Hydration']",87,45,White Bird PokÃ©mon,63,1.3,75,50,581,water,flying,24.2,5
Vanillite,"['Ice Body', 'Snow Cloak', 'Weak Armor']",50,255,Fresh Snow PokÃ©mon,50,0.4,36,50,582,ice,,5.7,5
Vanillish,"['Ice Body', 'Snow Cloak', 'Weak Armor']",65,120,Icy Snow PokÃ©mon,65,1.1,51,50,583,ice,,41,5
Vanilluxe,"['Ice Body', 'Snow Warning', 'Weak Armor']",95,45,Snowstorm PokÃ©mon,85,1.3,71,50,584,ice,,57.5,5
Deerling,"['Chlorophyll', 'Sap Sipper', 'Serene Grace']",60,190,Season PokÃ©mon,50,0.6,60,50,585,normal,grass,19.5,5
Sawsbuck,"['Chlorophyll', 'Sap Sipper', 'Serene Grace']",100,75,Season PokÃ©mon,70,1.9,80,50,586,normal,grass,92.5,5
Emolga,"['Static', 'Motor Drive']",75,200,Sky Squirrel PokÃ©mon,60,0.4,55,50,587,electric,flying,5,5
Karrablast,"['Swarm', 'Shed Skin', 'No Guard']",75,200,Clamping PokÃ©mon,45,0.5,50,50,588,bug,,5.9,5
Escavalier,"['Swarm', 'Shell Armor', 'Overcoat']",135,75,Cavalry PokÃ©mon,105,1,70,50,589,bug,steel,33,5
Foongus,"['Effect Spore', 'Regenerator']",55,190,Mushroom PokÃ©mon,45,0.2,69,50,590,grass,poison,1,5
Amoonguss,"['Effect Spore', 'Regenerator']",85,75,Mushroom PokÃ©mon,70,0.6,114,50,591,grass,poison,10.5,5
Frillish,"['Water Absorb', 'Cursed Body', 'Damp']",40,190,Floating PokÃ©mon,50,1.2,55,50,592,water,ghost,33,5
Jellicent,"['Water Absorb', 'Cursed Body', 'Damp']",60,60,Floating PokÃ©mon,70,2.2,100,50,593,water,ghost,135,5
Alomomola,"['Healer', 'Hydration', 'Regenerator']",75,75,Caring PokÃ©mon,80,1.2,165,50,594,water,,31.6,5
Joltik,"['Compoundeyes', 'Unnerve', 'Swarm']",47,190,Attaching PokÃ©mon,50,0.1,50,50,595,bug,electric,0.6,5
Galvantula,"['Compoundeyes', 'Unnerve', 'Swarm']",77,75,EleSpider PokÃ©mon,60,0.8,70,50,596,bug,electric,14.3,5
Ferroseed,['Iron Barbs'],50,255,Thorn Seed PokÃ©mon,91,0.6,44,50,597,grass,steel,18.8,5
Ferrothorn,"['Iron Barbs', 'Anticipation']",94,90,Thorn Pod PokÃ©mon,131,1,74,50,598,grass,steel,110,5
Klink,"['Plus', 'Minus', 'Clear Body']",55,130,Gear PokÃ©mon,70,0.3,40,,599,steel,,21,5
Klang,"['Plus', 'Minus', 'Clear Body']",80,60,Gear PokÃ©mon,95,0.6,60,,600,steel,,51,5
Klinklang,"['Plus', 'Minus', 'Clear Body']",100,30,Gear PokÃ©mon,115,0.6,60,,601,steel,,81,5
Tynamo,['Levitate'],55,190,EleFish PokÃ©mon,40,0.2,35,50,602,electric,,0.3,5
Eelektrik,['Levitate'],85,60,EleFish PokÃ©mon,70,1.2,65,50,603,electric,,22,5
Eelektross,['Levitate'],115,30,EleFish PokÃ©mon,80,2.1,85,50,604,electric,,80.5,5
Elgyem,"['Telepathy', 'Synchronize', 'Analytic']",55,255,Cerebral PokÃ©mon,55,0.5,55,50,605,psychic,,9,5
Beheeyem,"['Telepathy', 'Synchronize', 'Analytic']",75,90,Cerebral PokÃ©mon,75,1,75,50,606,psychic,,34.5,5
Litwick,"['Flash Fire', 'Flame Body', 'Infiltrator']",30,190,Candle PokÃ©mon,55,0.3,50,50,607,ghost,fire,3.1,5
Lampent,"['Flash Fire', 'Flame Body', 'Infiltrator']",40,90,Lamp PokÃ©mon,60,0.6,60,50,608,ghost,fire,13,5
Chandelure,"['Flash Fire', 'Flame Body', 'Infiltrator']",55,45,Luring PokÃ©mon,90,1,60,50,609,ghost,fire,34.3,5
Axew,"['Rivalry', 'Mold Breaker', 'Unnerve']",87,75,Tusk PokÃ©mon,60,0.6,46,50,610,dragon,,18,5
Fraxure,"['Rivalry', 'Mold Breaker', 'Unnerve']",117,60,Axe Jaw PokÃ©mon,70,1,66,50,611,dragon,,36,5
Haxorus,"['Rivalry', 'Mold Breaker', 'Unnerve']",147,45,Axe Jaw PokÃ©mon,90,1.8,76,50,612,dragon,,105.5,5
Cubchoo,"['Snow Cloak', 'Slush Rush', 'Rattled']",70,120,Chill PokÃ©mon,40,0.5,55,50,613,ice,,8.5,5
Beartic,"['Snow Cloak', 'Slush Rush', 'Swift Swim']",130,60,Freezing PokÃ©mon,80,2.6,95,50,614,ice,,260,5
Cryogonal,['Levitate'],50,25,Crystallizing PokÃ©mon,50,1.1,80,,615,ice,,148,5
Shelmet,"['Hydration', 'Shell Armor', 'Overcoat']",40,200,Snail PokÃ©mon,85,0.4,50,50,616,bug,,7.7,5
Accelgor,"['Hydration', 'Sticky Hold', 'Unburden']",70,75,Shell Out PokÃ©mon,40,0.8,80,50,617,bug,,25.3,5
Stunfisk,"['Static', 'Limber', 'Sand Veil']",66,75,Trap PokÃ©mon,84,0.7,109,50,618,ground,electric,11,5
Mienfoo,"['Inner Focus', 'Regenerator', 'Reckless']",85,180,Martial Arts PokÃ©mon,50,0.9,45,50,619,fighting,,20,5
Mienshao,"['Inner Focus', 'Regenerator', 'Reckless']",125,45,Martial Arts PokÃ©mon,60,1.4,65,50,620,fighting,,35.5,5
Druddigon,"['Rough Skin', 'Sheer Force', 'Mold Breaker']",120,45,Cave PokÃ©mon,90,1.6,77,50,621,dragon,,139,5
Golett,"['Iron Fist', 'Klutz', 'No Guard']",74,190,Automaton PokÃ©mon,50,1,59,,622,ground,ghost,92,5
Golurk,"['Iron Fist', 'Klutz', 'No Guard']",124,90,Automaton PokÃ©mon,80,2.8,89,,623,ground,ghost,330,5
Pawniard,"['Defiant', 'Inner Focus', 'Pressure']",85,120,Sharp Blade PokÃ©mon,70,0.5,45,50,624,dark,steel,10.2,5
Bisharp,"['Defiant', 'Inner Focus', 'Pressure']",125,45,Sword Blade PokÃ©mon,100,1.6,65,50,625,dark,steel,70,5
Bouffalant,"['Reckless', 'Sap Sipper', 'Soundproof']",110,45,Bash Buffalo PokÃ©mon,95,1.6,95,50,626,normal,,94.6,5
Rufflet,"['Keen Eye', 'Sheer Force', 'Hustle']",83,190,Eaglet PokÃ©mon,50,0.5,70,100,627,normal,flying,10.5,5
Braviary,"['Keen Eye', 'Sheer Force', 'Defiant']",123,60,Valiant PokÃ©mon,75,1.5,100,100,628,normal,flying,41,5
Vullaby,"['Big Pecks', 'Overcoat', 'Weak Armor']",55,190,Diapered PokÃ©mon,75,0.5,70,0,629,dark,flying,9,5
Mandibuzz,"['Big Pecks', 'Overcoat', 'Weak Armor']",65,60,Bone Vulture PokÃ©mon,105,1.2,110,0,630,dark,flying,39.5,5
Heatmor,"['Gluttony', 'Flash Fire', 'White Smoke']",97,90,Anteater PokÃ©mon,66,1.4,85,50,631,fire,,58,5
Durant,"['Swarm', 'Hustle', 'Truant']",109,90,Iron Ant PokÃ©mon,112,0.3,58,50,632,bug,steel,33,5
Deino,['Hustle'],65,45,Irate PokÃ©mon,50,0.8,52,50,633,dark,dragon,17.3,5
Zweilous,['Hustle'],85,45,Hostile PokÃ©mon,70,1.4,72,50,634,dark,dragon,50,5
Hydreigon,['Levitate'],105,45,Brutal PokÃ©mon,90,1.8,92,50,635,dark,dragon,160,5
Larvesta,"['Flame Body', 'Swarm']",85,45,Torch PokÃ©mon,55,1.1,55,50,636,bug,fire,28.8,5
Volcarona,"['Flame Body', 'Swarm']",60,15,Sun PokÃ©mon,65,1.6,85,50,637,bug,fire,46,5
Cobalion,['Justified'],90,3,Iron Will PokÃ©mon,129,2.1,91,,638,steel,fighting,250,5
Terrakion,['Justified'],129,3,Cavern PokÃ©mon,90,1.9,91,,639,rock,fighting,260,5
Virizion,['Justified'],90,3,Grassland PokÃ©mon,72,2,91,,640,grass,fighting,200,5
Tornadus,"['Prankster', 'Defiant', 'Regenerator']",100,3,Cyclone PokÃ©mon,80,1.5,79,100,641,flying,,63,5
Thundurus,"['Prankster', 'Defiant', 'Volt Absorb']",105,3,Bolt Strike PokÃ©mon,70,1.5,79,100,642,electric,flying,61,5
Reshiram,['Turboblaze'],120,3,Vast White PokÃ©mon,100,3.2,100,,643,dragon,fire,330,5
Zekrom,['Teravolt'],150,3,Deep Black PokÃ©mon,120,2.9,100,,644,dragon,electric,345,5
Landorus,"['Sand Force', 'Sheer Force', 'Intimidate']",145,3,Abundance PokÃ©mon,90,1.5,89,100,645,ground,flying,68,5
Kyurem,"['Pressure', 'Teravolt', 'Turboblaze']",120,3,Boundary PokÃ©mon,90,3,125,,646,dragon,ice,325,5
Keldeo,['Justified'],72,3,Colt PokÃ©mon,90,1.4,91,,647,water,fighting,48.5,5
Meloetta,['Serene Grace'],128,3,Melody PokÃ©mon,90,0.6,100,,648,normal,psychic,6.5,5
Genesect,['Download'],120,3,Paleozoic PokÃ©mon,95,1.5,71,,649,bug,steel,82.5,5
Chespin,"['Overgrow', 'Bulletproof']",61,45,Spiky Nut PokÃ©mon,65,0.4,56,88.1,650,grass,,9,6
Quilladin,"['Overgrow', 'Bulletproof']",78,45,Spiny Armor PokÃ©mon,95,0.7,61,88.1,651,grass,,29,6
Chesnaught,"['Overgrow', 'Bulletproof']",107,45,Spiny Armor PokÃ©mon,122,1.6,88,88.1,652,grass,fighting,90,6
Fennekin,"['Blaze', 'Magician']",45,45,Fox PokÃ©mon,40,0.4,40,88.1,653,fire,,9.4,6
Braixen,"['Blaze', 'Magician']",59,45,Fox PokÃ©mon,58,1,59,88.1,654,fire,,14.5,6
Delphox,"['Blaze', 'Magician']",69,45,Fox PokÃ©mon,72,1.5,75,88.1,655,fire,psychic,39,6
Froakie,"['Torrent', 'Protean']",56,45,Bubble Frog PokÃ©mon,40,0.3,41,88.1,656,water,,7,6
Frogadier,"['Torrent', 'Protean']",63,45,Bubble Frog PokÃ©mon,52,0.6,54,88.1,657,water,,10.9,6
Greninja,"['Torrent', 'Protean', 'Battle Bond']",145,45,Ninja PokÃ©mon,67,1.5,72,88.1,658,water,dark,40,6
Bunnelby,"['Pickup', 'Cheek Pouch', 'Huge Power']",36,255,Digging PokÃ©mon,38,0.4,38,50,659,normal,,5,6
Diggersby,"['Pickup', 'Cheek Pouch', 'Huge Power']",56,127,Digging PokÃ©mon,77,1,85,50,660,normal,ground,42.4,6
Fletchling,"['Big Pecks', 'Gale Wings']",50,255,Tiny Robin PokÃ©mon,43,0.3,45,50,661,normal,flying,1.7,6
Fletchinder,"['Flame Body', 'Gale Wings']",73,120,Ember PokÃ©mon,55,0.7,62,50,662,fire,flying,16,6
Talonflame,"['Flame Body', 'Gale Wings']",81,45,Scorching PokÃ©mon,71,1.2,78,50,663,fire,flying,24.5,6
Scatterbug,"['Shield Dust', 'Compoundeyes', 'Friend Guard']",35,255,Scatterdust PokÃ©mon,40,0.3,38,50,664,bug,,2.5,6
Spewpa,"['Shed Skin', 'Friend Guard']",22,120,Scatterdust PokÃ©mon,60,0.3,45,50,665,bug,,8.4,6
Vivillon,"['Shield Dust', 'Compoundeyes', 'Friend Guard']",52,45,Scale PokÃ©mon,50,1.2,80,50,666,bug,flying,17,6
Litleo,"['Rivalry', 'Unnerve', 'Moxie']",50,220,Lion Cub PokÃ©mon,58,0.6,62,11.2,667,fire,normal,13.5,6
Pyroar,"['Rivalry', 'Unnerve', 'Moxie']",68,65,Royal PokÃ©mon,72,1.5,86,11.2,668,fire,normal,81.5,6
FlabÃ©bÃ©,"['Flower Veil', 'Symbiosis']",38,225,Single Bloom PokÃ©mon,39,0.1,44,0,669,fairy,,0.1,6
Floette,"['Flower Veil', 'Symbiosis']",65,120,Fairy PokÃ©mon,67,0.2,74,0,670,fairy,,0.9,6
Florges,"['Flower Veil', 'Symbiosis']",65,45,Garden PokÃ©mon,68,1.1,78,0,671,fairy,,10,6
Skiddo,"['Sap Sipper', 'Grass Pelt']",65,200,Mount PokÃ©mon,48,0.9,66,50,672,grass,,31,6
Gogoat,"['Sap Sipper', 'Grass Pelt']",100,45,Mount PokÃ©mon,62,1.7,123,50,673,grass,,91,6
Pancham,"['Iron Fist', 'Mold Breaker', 'Scrappy']",82,220,Playful PokÃ©mon,62,0.6,67,50,674,fighting,,8,6
Pangoro,"['Iron Fist', 'Mold Breaker', 'Scrappy']",124,65,Daunting PokÃ©mon,78,2.1,95,50,675,fighting,dark,136,6
Furfrou,['Fur Coat'],80,160,Poodle PokÃ©mon,60,1.2,75,50,676,normal,,28,6
Espurr,"['Keen Eye', 'Infiltrator', 'Own Tempo']",48,190,Restraint PokÃ©mon,54,0.3,62,50,677,psychic,,3.5,6
Meowstic,"['Keen Eye', 'Infiltrator', 'Prankster', 'Competitive']",48,75,Constraint PokÃ©mon,76,0.6,74,50,678,psychic,,8.5,6
Honedge,['No Guard'],80,180,Sword PokÃ©mon,100,0.8,45,50,679,steel,ghost,2,6
Doublade,['No Guard'],110,90,Sword PokÃ©mon,150,0.8,59,50,680,steel,ghost,4.5,6
Aegislash,['Stance Change'],150,45,Royal Sword PokÃ©mon,50,1.7,60,50,681,steel,ghost,53,6
Spritzee,"['Healer', 'Aroma Veil']",52,200,Perfume PokÃ©mon,60,0.2,78,50,682,fairy,,0.5,6
Aromatisse,"['Healer', 'Aroma Veil']",72,140,Fragrance PokÃ©mon,72,0.8,101,50,683,fairy,,15.5,6
Swirlix,"['Sweet Veil', 'Unburden']",48,200,Cotton Candy PokÃ©mon,66,0.4,62,50,684,fairy,,3.5,6
Slurpuff,"['Sweet Veil', 'Unburden']",80,140,Meringue PokÃ©mon,86,0.8,82,50,685,fairy,,5,6
Inkay,"['Contrary', 'Suction Cups', 'Infiltrator']",54,190,Revolving PokÃ©mon,53,0.4,53,50,686,dark,psychic,3.5,6
Malamar,"['Contrary', 'Suction Cups', 'Infiltrator']",92,80,Overturning PokÃ©mon,88,1.5,86,50,687,dark,psychic,47,6
Binacle,"['Tough Claws', 'Sniper', 'Pickpocket']",52,120,Two-Handed PokÃ©mon,67,0.5,42,50,688,rock,water,31,6
Barbaracle,"['Tough Claws', 'Sniper', 'Pickpocket']",105,45,Collective PokÃ©mon,115,1.3,72,50,689,rock,water,96,6
Skrelp,"['Poison Point', 'Poison Touch', 'Adaptability']",60,225,Mock Kelp PokÃ©mon,60,0.5,50,50,690,poison,water,7.3,6
Dragalge,"['Poison Point', 'Poison Touch', 'Adaptability']",75,55,Mock Kelp PokÃ©mon,90,1.8,65,50,691,poison,dragon,81.5,6
Clauncher,['Mega Launcher'],53,225,Water Gun PokÃ©mon,62,0.5,50,50,692,water,,8.3,6
Clawitzer,['Mega Launcher'],73,55,Howitzer PokÃ©mon,88,1.3,71,50,693,water,,35.3,6
Helioptile,"['Dry Skin', 'Sand Veil', 'Solar Power']",38,190,Generator PokÃ©mon,33,0.5,44,50,694,electric,normal,6,6
Heliolisk,"['Dry Skin', 'Sand Veil', 'Solar Power']",55,75,Generator PokÃ©mon,52,1,62,50,695,electric,normal,21,6
Tyrunt,"['Strong Jaw', 'Sturdy']",89,45,Royal Heir PokÃ©mon,77,0.8,58,88.1,696,rock,dragon,26,6
Tyrantrum,"['Strong Jaw', 'Rock Head']",121,45,Despot PokÃ©mon,119,2.5,82,88.1,697,rock,dragon,270,6
Amaura,"['Refrigerate', 'Snow Warning']",59,45,Tundra PokÃ©mon,50,1.3,77,88.1,698,rock,ice,25.2,6
Aurorus,"['Refrigerate', 'Snow Warning']",77,45,Tundra PokÃ©mon,72,2.7,123,88.1,699,rock,ice,225,6
Sylveon,"['Cute Charm', 'Pixilate']",65,45,Intertwining PokÃ©mon,65,1,95,88.1,700,fairy,,23.5,6
Hawlucha,"['Limber', 'Unburden', 'Mold Breaker']",92,100,Wrestling PokÃ©mon,75,0.8,78,50,701,fighting,flying,21.5,6
Dedenne,"['Cheek Pouch', 'Pickup', 'Plus']",58,180,Antenna PokÃ©mon,57,0.2,67,50,702,electric,fairy,2.2,6
Carbink,"['Clear Body', 'Sturdy']",50,60,Jewel PokÃ©mon,150,0.3,50,,703,rock,fairy,5.7,6
Goomy,"['Sap Sipper', 'Hydration', 'Gooey']",50,45,Soft Tissue PokÃ©mon,35,0.3,45,50,704,dragon,,2.8,6
Sliggoo,"['Sap Sipper', 'Hydration', 'Gooey']",75,45,Soft Tissue PokÃ©mon,53,0.8,68,50,705,dragon,,17.5,6
Goodra,"['Sap Sipper', 'Hydration', 'Gooey']",100,45,Dragon PokÃ©mon,70,2,90,50,706,dragon,,150.5,6
Klefki,"['Prankster', 'Magician']",80,75,Key Ring PokÃ©mon,91,0.2,57,50,707,steel,fairy,3,6
Phantump,"['Natural Cure', 'Frisk', 'Harvest']",70,120,Stump PokÃ©mon,48,0.4,43,50,708,ghost,grass,7,6
Trevenant,"['Natural Cure', 'Frisk', 'Harvest']",110,60,Elder Tree PokÃ©mon,76,1.5,85,50,709,ghost,grass,71,6
Pumpkaboo,"['Pickup', 'Frisk', 'Insomnia']",66,120,Pumpkin PokÃ©mon,70,0.8,59,50,710,ghost,grass,15,6
Gourgeist,"['Pickup', 'Frisk', 'Insomnia']",100,60,Pumpkin PokÃ©mon,122,1.7,85,50,711,ghost,grass,39,6
Bergmite,"['Own Tempo', 'Ice Body', 'Sturdy']",69,190,Ice Chunk PokÃ©mon,85,1,55,50,712,ice,,99.5,6
Avalugg,"['Own Tempo', 'Ice Body', 'Sturdy']",117,55,Iceberg PokÃ©mon,184,2,95,50,713,ice,,505,6
Noibat,"['Frisk', 'Infiltrator', 'Telepathy']",30,190,Sound Wave PokÃ©mon,35,0.5,40,50,714,flying,dragon,8,6
Noivern,"['Frisk', 'Infiltrator', 'Telepathy']",70,45,Sound Wave PokÃ©mon,80,1.5,85,50,715,flying,dragon,85,6
Xerneas,['Fairy Aura'],131,45,Life PokÃ©mon,95,3,126,,716,fairy,,215,6
Yveltal,['Dark Aura'],131,45,Destruction PokÃ©mon,95,5.8,126,,717,dark,flying,203,6
Zygarde,"['Aura Break', 'Power Construct']",100,3,Order PokÃ©mon,121,5,216,,718,dragon,ground,284.6,6
Diancie,['Clear Body'],160,3,Jewel PokÃ©mon,110,0.7,50,,719,rock,fairy,8.8,6
Hoopa,['Magician'],160,3,Mischief PokÃ©mon (Confined)Djinn PokÃ©monn (Unbound),60,,80,,720,psychic,ghost,,6
Volcanion,['Water Absorb'],110,3,Steam PokÃ©mon,120,1.7,80,,721,fire,water,195,6
Rowlet,"['Overgrow', 'Long Reach']",55,45,Grass Quill PokÃ©mon,55,0.3,68,88.1,722,grass,flying,1.5,7
Dartrix,"['Overgrow', 'Long Reach']",75,45,Blade Quill PokÃ©mon,75,0.7,78,88.1,723,grass,flying,16,7
Decidueye,"['Overgrow', 'Long Reach']",107,45,Arrow Quill PokÃ©mon,75,1.6,78,88.1,724,grass,ghost,36.6,7
Litten,"['Blaze', 'Intimidate']",65,45,Fire Cat PokÃ©mon,40,0.4,45,88.1,725,fire,,4.3,7
Torracat,"['Blaze', 'Intimidate']",85,45,Fire Cat PokÃ©mon,50,0.7,65,88.1,726,fire,,25,7
Incineroar,"['Blaze', 'Intimidate']",115,45,Heel PokÃ©mon,90,1.8,95,88.1,727,fire,dark,83,7
Popplio,"['Torrent', 'Liquid Voice']",54,45,Sea Lion PokÃ©mon,54,0.4,50,88.1,728,water,,7.5,7
Brionne,"['Torrent', 'Liquid Voice']",69,45,Pop Star PokÃ©mon,69,0.6,60,88.1,729,water,,17.5,7
Primarina,"['Torrent', 'Liquid Voice']",74,45,Soloist PokÃ©mon,74,1.8,80,88.1,730,water,fairy,44,7
Pikipek,"['Keen Eye', 'Skill Link', 'Pickup']",75,255,Woodpecker PokÃ©mon,30,0.3,35,50,731,normal,flying,1.2,7
Trumbeak,"['Keen Eye', 'Skill Link', 'Pickup']",85,120,Bugle Beak PokÃ©mon,50,0.6,55,50,732,normal,flying,14.8,7
Toucannon,"['Keen Eye', 'Skill Link', 'Sheer Force']",120,45,Cannon PokÃ©mon,75,1.1,80,50,733,normal,flying,26,7
Yungoos,"['Stakeout', 'Strong Jaw', 'Adaptability']",70,255,Loitering PokÃ©mon,30,0.4,48,50,734,normal,,6,7
Gumshoos,"['Stakeout', 'Strong Jaw', 'Adaptability']",110,127,Stakeout PokÃ©mon,60,0.7,88,50,735,normal,,14.2,7
Grubbin,['Swarm'],62,255,Larva PokÃ©mon,45,0.4,47,50,736,bug,,4.4,7
Charjabug,['Battery'],82,120,Battery PokÃ©mon,95,0.5,57,50,737,bug,electric,10.5,7
Vikavolt,['Levitate'],70,45,Stag Beetle PokÃ©mon,90,1.5,77,50,738,bug,electric,45,7
Crabrawler,"['Hyper Cutter', 'Iron Fist', 'Anger Point']",82,225,Boxing PokÃ©mon,57,0.6,47,50,739,fighting,,7,7
Crabominable,"['Hyper Cutter', 'Iron Fist', 'Anger Point']",132,60,Woolly Crab PokÃ©mon,77,1.7,97,50,740,fighting,ice,180,7
Oricorio,['Dancer'],70,45,Dancing PokÃ©mon,70,0.6,75,24.6,741,fire,flying,3.4,7
Cutiefly,"['Honey Gather', 'Shield Dust', 'Sweet Veil']",45,190,Bee Fly PokÃ©mon,40,0.1,40,50,742,bug,fairy,0.2,7
Ribombee,"['Honey Gather', 'Shield Dust', 'Sweet Veil']",55,75,Bee Fly PokÃ©mon,60,0.2,60,50,743,bug,fairy,0.5,7
Rockruff,"['Keen Eye', 'Vital Spirit', 'Steadfast']",65,190,Puppy PokÃ©mon,40,0.5,45,50,744,rock,,9.2,7
Lycanroc,"['Keen Eye', 'Sand Rush', 'Steadfast', 'Keen Eye', 'Vital Spirit', 'No Guard']",115,90,Wolf PokÃ©mon,75,,85,50,745,rock,,,7
Wishiwashi,['Schooling'],140,60,Small Fry PokÃ©mon,130,0.2,45,50,746,water,,0.3,7
Mareanie,"['Merciless', 'Limber', 'Regenerator']",53,190,Brutal Star PokÃ©mon,62,0.4,50,50,747,poison,water,8,7
Toxapex,"['Merciless', 'Limber', 'Regenerator']",63,75,Brutal Star PokÃ©mon,152,0.7,50,50,748,poison,water,14.5,7
Mudbray,"['Own Tempo', 'Stamina', 'Inner Focus']",100,190,Donkey PokÃ©mon,70,1,70,50,749,ground,,110,7
Mudsdale,"['Own Tempo', 'Stamina', 'Inner Focus']",125,60,Draft Horse PokÃ©mon,100,2.5,100,50,750,ground,,920,7
Dewpider,"['Water Bubble', 'Water Absorb']",40,200,Water Bubble PokÃ©mon,52,0.3,38,50,751,water,bug,4,7
Araquanid,"['Water Bubble', 'Water Absorb']",70,100,Water Bubble PokÃ©mon,92,1.8,68,50,752,water,bug,82,7
Fomantis,"['Leaf Guard', 'Contrary']",55,190,Sickle Grass PokÃ©mon,35,0.3,40,50,753,grass,,1.5,7
Lurantis,"['Leaf Guard', 'Contrary']",105,75,Bloom Sickle PokÃ©mon,90,0.9,70,50,754,grass,,18.5,7
Morelull,"['Illuminate', 'Effect Spore', 'Rain Dish']",35,190,Illuminating PokÃ©mon,55,0.2,40,50,755,grass,fairy,1.5,7
Shiinotic,"['Illuminate', 'Effect Spore', 'Rain Dish']",45,75,Illuminating PokÃ©mon,80,1,60,50,756,grass,fairy,11.5,7
Salandit,"['Corrosion', 'Oblivious']",44,120,Toxic Lizard PokÃ©mon,40,0.6,48,88.1,757,poison,fire,4.8,7
Salazzle,"['Corrosion', 'Oblivious']",64,45,Toxic Lizard PokÃ©mon,60,1.2,68,0,758,poison,fire,22.2,7
Stufful,"['Fluffy', 'Klutz', 'Cute Charm']",75,140,Flailing PokÃ©mon,50,0.5,70,50,759,normal,fighting,6.8,7
Bewear,"['Fluffy', 'Klutz', 'Unnerve']",125,70,Strong Arm PokÃ©mon,80,2.1,120,50,760,normal,fighting,135,7
Bounsweet,"['Leaf Guard', 'Oblivious', 'Sweet Veil']",30,235,Fruit PokÃ©mon,38,0.3,42,0,761,grass,,3.2,7
Steenee,"['Leaf Guard', 'Oblivious', 'Sweet Veil']",40,120,Fruit PokÃ©mon,48,0.7,52,0,762,grass,,8.2,7
Tsareena,"['Leaf Guard', 'Queenly Majesty', 'Sweet Veil']",120,45,Fruit PokÃ©mon,98,1.2,72,0,763,grass,,21.4,7
Comfey,"['Flower Veil', 'Triage', 'Natural Cure']",52,60,Posy Picker PokÃ©mon,90,0.1,51,24.6,764,fairy,,0.3,7
Oranguru,"['Inner Focus', 'Telepathy', 'Symbiosis']",60,45,Sage PokÃ©mon,80,1.5,90,50,765,normal,psychic,76,7
Passimian,"['Receiver', 'Defiant']",120,45,Teamwork PokÃ©mon,90,2,100,50,766,fighting,,82.8,7
Wimpod,['Wimp Out'],35,90,Turn Tail PokÃ©mon,40,0.5,25,50,767,bug,water,12,7
Golisopod,['Emergency Exit'],125,45,Hard Scale PokÃ©mon,140,2,75,50,768,bug,water,108,7
Sandygast,"['Water Compaction', 'Sand Veil']",55,140,Sand Heap PokÃ©mon,80,0.5,55,50,769,ghost,ground,70,7
Palossand,"['Water Compaction', 'Sand Veil']",75,60,Sand Castle PokÃ©mon,110,1.3,85,50,770,ghost,ground,250,7
Pyukumuku,"['Innards Out', 'Unaware']",60,60,Sea Cucumber PokÃ©mon,130,0.3,55,50,771,water,,1.2,7
Type: Null,['Battle Armor'],95,3,Synthetic PokÃ©mon,95,1.9,95,,772,normal,,120.5,7
Silvally,['RKS System'],95,3,Synthetic PokÃ©mon,95,2.3,95,,773,normal,,100.5,7
Minior,['Shields Down'],100,30 (Meteorite)255 (Core),Meteor PokÃ©mon,60,0.3,60,,774,rock,flying,40,7
Komala,['Comatose'],115,45,Drowsing PokÃ©mon,65,0.4,65,50,775,normal,,19.9,7
Turtonator,['Shell Armor'],78,70,Blast Turtle PokÃ©mon,135,2,60,50,776,fire,dragon,212,7
Togedemaru,"['Iron Barbs', 'Lightningrod', 'Sturdy']",98,180,Roly-Poly PokÃ©mon,63,0.3,65,50,777,electric,steel,3.3,7
Mimikyu,['Disguise'],90,45,Disguise PokÃ©mon,80,0.2,55,50,778,ghost,fairy,0.7,7
Bruxish,"['Dazzling', 'Strong Jaw', 'Wonder Skin ']",105,80,Gnash Teeth PokÃ©mon,70,0.9,68,50,779,water,psychic,19,7
Drampa,"['Berserk', 'Sap Sipper', 'Cloud Nine']",60,70,Placid PokÃ©mon,85,3,78,50,780,normal,dragon,185,7
Dhelmise,['Steelworker'],131,25,Sea Creeper PokÃ©mon,100,3.9,70,,781,ghost,grass,210,7
Jangmo-o,"['Bulletproof', 'Soundproof', 'Overcoat']",55,45,Scaly PokÃ©mon,65,0.6,45,50,782,dragon,,29.7,7
Hakamo-o,"['Bulletproof', 'Soundproof', 'Overcoat']",75,45,Scaly PokÃ©mon,90,1.2,55,50,783,dragon,fighting,47,7
Kommo-o,"['Bulletproof', 'Soundproof', 'Overcoat']",110,45,Scaly PokÃ©mon,125,1.6,75,50,784,dragon,fighting,78.2,7
Tapu Koko,"['Electric Surge', 'Telepathy']",115,3,Land Spirit PokÃ©mon,85,1.8,70,,785,electric,fairy,20.5,7
Tapu Lele,"['Psychic Surge', 'Telepathy']",85,3,Land Spirit PokÃ©mon,75,1.2,70,,786,psychic,fairy,18.6,7
Tapu Bulu,"['Grassy Surge', 'Telepathy']",130,3,Land Spirit PokÃ©mon,115,1.9,70,,787,grass,fairy,45.5,7
Tapu Fini,"['Misty Surge', 'Telepathy']",75,3,Land Spirit PokÃ©mon,115,1.3,70,,788,water,fairy,21.2,7
Cosmog,['Unaware'],29,45,Nebula PokÃ©mon,31,0.2,43,,789,psychic,,0.1,7
Cosmoem,['Sturdy'],29,45,Protostar PokÃ©mon,131,0.1,43,,790,psychic,,999.9,7
Solgaleo,['Full Metal Body'],137,45,Sunne PokÃ©mon,107,3.4,137,,791,psychic,steel,230,7
Lunala,['Shadow Shield'],113,45,Moone PokÃ©mon,89,4,137,,792,psychic,ghost,120,7
Nihilego,['Beast Boost'],53,45,Parasite PokÃ©mon,47,1.2,109,,793,rock,poison,55.5,7
Buzzwole,['Beast Boost'],139,25,Swollen PokÃ©mon,139,2.4,107,,794,bug,fighting,333.6,7
Pheromosa,['Beast Boost'],137,255,Lissome PokÃ©mon,37,1.8,71,,795,bug,fighting,25,7
Xurkitree,['Beast Boost'],89,30,Glowing PokÃ©mon,71,3.8,83,,796,electric,,100,7
Celesteela,['Beast Boost'],101,25,Launch PokÃ©mon,103,9.2,97,,797,steel,flying,999.9,7
Kartana,['Beast Boost'],181,255,Drawn Sword PokÃ©mon,131,0.3,59,,798,grass,steel,0.1,7
Guzzlord,['Beast Boost'],101,15,Junkivore PokÃ©mon,53,5.5,223,,799,dark,dragon,888,7
Necrozma,['Prism Armor'],107,3,Prism PokÃ©mon,101,2.4,97,,800,psychic,,230,7
Magearna,['Soul-Heart'],95,3,Artificial PokÃ©mon,115,1,80,,801,steel,fairy,80.5,7